-- ============================================================
-- RESET: vacía todas las tablas y reinicia los contadores SERIAL
-- a 1. Necesario porque todo el set de datos del proyecto asume
-- que los id autogenerados arrancan desde 1 (filas insertadas en
-- una tabla recién vacía). Si corres el script más de una vez sin
-- esto, los FKs hardcodeados (tratamiento_medicamento, 
-- mascota_alergia, etc.) van a fallar igual que ya te pasó.
-- ============================================================
TRUNCATE TABLE
  mascota_alergia,
  tratamiento_medicamento,
  procedimiento_diagnostico,
  detalle_factura,
  factura,
  tratamiento,
  diagnostico,
  consulta,
  veterinario,
  mascota,
  especialidad,
  procedimiento,
  medicamento,
  raza,
  especie,
  propietario
RESTART IDENTITY CASCADE;


insert into propietario (DUI, nombre, apellido, telefono, email, direccion, fecha_nacimiento_propietario) values
('01234567-1','Carlos','Martínez','74383531','carlos1@gmail.com','San Salvador','1990-05-12'),
('01234567-2','Ana','López','24880099','ana2@hotmail.com','Soyapango','1992-03-22'),
('01234567-3','José','Hernández','75920110','jose3@outlook.com','Apopa','1988-11-10'),
('01234567-4','María','García','61234567','maria4@yahoo.com','Mejicanos','1995-07-18'),
('01234567-5','Luis','Ramírez','70112233','luis5@gmail.com','Santa Tecla','1991-01-09'),
('01234567-6','Fernanda','Castillo','74859632','fer6@hotmail.com','San Marcos','1993-04-14'),
('01234567-7','Ricardo','Flores','22334455','ricardo7@outlook.com','Ilopango','1987-09-30'),
('01234567-8','Sofía','Vásquez','79887766','sofia8@yahoo.com','Zacatecoluca','1996-02-11'),
('01234567-9','Diego','Morales','70123456','diego9@gmail.com','San Miguel','1990-12-01'),
('01234568-0','Valeria','Ortega','78451236','valeria10@hotmail.com','Santa Ana','1994-06-25'),

('01234568-1','Andrés','Reyes','71234567','andres11@outlook.com','Usulután','1989-08-19'),
('01234568-2','Paula','Navarro','78889900','paula12@yahoo.com','Sonsonate','1997-10-03'),
('01234568-3','Jorge','Cruz','70114422','jorge13@gmail.com','Chalatenango','1992-01-27'),
('01234568-4','Lucía','Herrera','74332211','lucia14@hotmail.com','Cuscatlán','1995-09-05'),
('01234568-5','Manuel','Aguilar','70998877','manuel15@outlook.com','La Libertad','1986-03-16'),
('01234568-6','Gabriela','Mendoza','74556677','gaby16@yahoo.com','Ahuachapán','1991-07-07'),
('01234568-7','Daniel','Pérez','70110022','daniel17@gmail.com','San Salvador','1988-12-21'),
('01234568-8','Isabel','Santos','76223344','isabel18@hotmail.com','Soyapango','1993-11-02'),
('01234568-9','Miguel','Rivas','78990011','miguel19@outlook.com','Apopa','1990-04-28'),
('01234569-0','Camila','Torres','73445566','camila20@yahoo.com','Mejicanos','1996-08-15'),

('01234569-1','Fernando','Guzmán','70122334','fernando21@gmail.com','Santa Tecla','1985-06-30'),
('01234569-2','Elena','Vega','74889912','elena22@hotmail.com','San Marcos','1994-01-13'),
('01234569-3','Roberto','Molina','76543210','roberto23@outlook.com','Ilopango','1987-05-09'),
('01234569-4','Diana','Silva','78881234','diana24@yahoo.com','Zacatecoluca','1992-07-26'),
('01234569-5','Sergio','Campos','70119988','sergio25@gmail.com','San Miguel','1989-09-17'),
('01234569-6','Natalia','Flores','74221133','natalia26@hotmail.com','Santa Ana','1997-03-08'),
('01234569-7','Adrián','Luna','70990011','adrian27@outlook.com','Usulután','1991-10-20'),
('01234569-8','Paola','Mejía','77889900','paola28@yahoo.com','Sonsonate','1995-12-12'),
('01234569-9','Óscar','Romero','70112299','oscar29@gmail.com','Chalatenango','1988-02-14'),
('01234570-0','Karla','Ramos','73441122','karla30@hotmail.com','Cuscatlán','1993-06-06'),

('01234570-1','Héctor','Fuentes','70998811','hector31@outlook.com','La Libertad','1986-11-23'),
('01234570-2','Andrea','Ortiz','74551234','andrea32@yahoo.com','Ahuachapán','1994-09-29'),
('01234570-3','Javier','Núñez','70123478','javier33@gmail.com','San Salvador','1990-01-05'),
('01234570-4','Marisol','Chávez','78880012','marisol34@hotmail.com','Soyapango','1996-04-18'),
('01234570-5','Eduardo','Pineda','70991234','eduardo35@outlook.com','Apopa','1987-08-27'),
('01234570-6','Rosa','Gómez','74229988','rosa36@yahoo.com','Mejicanos','1992-12-09'),
('01234570-7','Pablo','Valle','70114488','pablo37@gmail.com','Santa Tecla','1989-03-03'),
('01234570-8','Verónica','Castro','78887755','veronica38@hotmail.com','San Marcos','1995-05-21'),
('01234570-9','Francisco','Delgado','70993322','francisco39@outlook.com','Ilopango','1991-07-30'),
('01234571-0','Liliana','Moreno','73449911','liliana40@yahoo.com','Zacatecoluca','1993-11-11'),

('01234571-1','Raúl','Estrada','70117788','raul41@gmail.com','San Miguel','1988-06-02'),
('01234571-2','Beatriz','Mora','74550099','beatriz42@hotmail.com','Santa Ana','1996-09-14'),
('01234571-3','Santiago','Peña','70991122','santiago43@outlook.com','Usulután','1990-10-25'),
('01234571-4','Claudia','Aguilera','78889922','claudia44@yahoo.com','Sonsonate','1994-02-07'),
('01234571-5','Gustavo','Vargas','70116677','gustavo45@gmail.com','Chalatenango','1985-12-19'),
('01234571-6','Mónica','Reyna','74553388','monica46@hotmail.com','Cuscatlán','1992-05-01'),
('01234571-7','Iván','Salazar','70992244','ivan47@outlook.com','La Libertad','1989-08-08'),
('01234571-8','Patricia','Benítez','78881100','patricia48@yahoo.com','Ahuachapán','1997-01-16'),
('01234571-9','César','Lara','70119900','cesar49@gmail.com','San Salvador','1991-04-04'),
('01234572-0','Teresa','Cano','74556699','teresa50@hotmail.com','Soyapango','1993-09-09'),

('01234572-1','Alejandro','Quinteros','72345678','alejandro51@gmail.com','Apopa','1988-03-12'),
('01234572-2','Patricia','Rivera','78124567','patricia52@hotmail.com','Mejicanos','1994-07-21'),
('01234572-3','Kevin','Escobar','76549821','kevin53@outlook.com','Santa Tecla','1996-11-08'),
('01234572-4','Daniela','Alvarado','71237894','daniela54@yahoo.com','San Marcos','1992-05-17'),
('01234572-5','Mauricio','Arias','79874562','mauricio55@gmail.com','Ilopango','1987-09-30'),
('01234572-6','Melissa','Palacios','73451289','melissa56@hotmail.com','Zacatecoluca','1995-01-25'),
('01234572-7','Cristian','Bonilla','75623498','cristian57@outlook.com','San Miguel','1990-08-14'),
('01234572-8','Vanessa','Cordero','78941235','vanessa58@yahoo.com','Santa Ana','1993-04-03'),
('01234572-9','Esteban','Paz','74125896','esteban59@gmail.com','Usulután','1989-12-18'),
('01234573-0','Tatiana','Cisneros','72658941','tatiana60@hotmail.com','Sonsonate','1997-06-29'),

('01234573-1','Leonardo','Guerrero','75321489','leonardo61@outlook.com','Chalatenango','1986-10-07'),
('01234573-2','Mariela','Velásquez','78412596','mariela62@yahoo.com','Cuscatlán','1991-02-11'),
('01234573-3','Ernesto','Castaneda','71984523','ernesto63@gmail.com','La Libertad','1988-05-23'),
('01234573-4','Silvia','Márquez','76891234','silvia64@hotmail.com','Ahuachapán','1994-09-15'),
('01234573-5','Jonathan','Figueroa','73124598','jonathan65@outlook.com','San Salvador','1990-07-02'),
('01234573-6','Carolina','Rojas','79541236','carolina66@yahoo.com','Soyapango','1996-03-19'),
('01234573-7','Nelson','Lemus','74231568','nelson67@gmail.com','Apopa','1987-11-26'),
('01234573-8','Lorena','Henríquez','77659842','lorena68@hotmail.com','Mejicanos','1992-08-09'),
('01234573-9','Víctor','Portillo','71452389','victor69@outlook.com','Santa Tecla','1989-01-31'),
('01234574-0','Yessenia','Medrano','78814523','yessenia70@yahoo.com','San Marcos','1995-12-05'),

('01234574-1','Gerardo','Amaya','73541268','gerardo71@gmail.com','Ilopango','1986-04-27'),
('01234574-2','Roxana','Cruz','76984512','roxana72@hotmail.com','Zacatecoluca','1993-10-13'),
('01234574-3','Marco','Sorto','72145689','marco73@outlook.com','San Miguel','1991-06-22'),
('01234574-4','Ingrid','Pineda','78213456','ingrid74@yahoo.com','Santa Ana','1997-02-28'),
('01234574-5','Saúl','Benítez','74652319','saul75@gmail.com','Usulután','1988-09-04'),
('01234574-6','Gabriela','Alas','79812345','gabriela76@hotmail.com','Sonsonate','1994-05-16'),
('01234574-7','René','Cáceres','72459813','rene77@outlook.com','Chalatenango','1990-11-10'),
('01234574-8','Miriam','Zelaya','77542136','miriam78@yahoo.com','Cuscatlán','1992-07-01'),
('01234574-9','Armando','Campos','71324567','armando79@gmail.com','La Libertad','1987-03-24'),
('01234575-0','Elsa','Linares','78965412','elsa80@hotmail.com','Ahuachapán','1995-08-18'),

('01234575-1','Josué','Menjívar','73214589','josue81@outlook.com','San Salvador','1989-12-12'),
('01234575-2','Gloria','Orellana','76789123','gloria82@yahoo.com','Soyapango','1993-01-20'),
('01234575-3','Mario','Ayala','71894562','mario83@gmail.com','Apopa','1986-06-08'),
('01234575-4','Carmen','Perdomo','78456321','carmen84@hotmail.com','Mejicanos','1994-10-30'),
('01234575-5','Hugo','Rivas','74569812','hugo85@outlook.com','Santa Tecla','1991-04-14'),
('01234575-6','Noelia','Barrera','79981234','noelia86@yahoo.com','San Marcos','1997-07-26'),
('01234575-7','Alex','Mendoza','72631458','alex87@gmail.com','Ilopango','1988-02-17'),
('01234575-8','Doris','Trejo','77324519','doris88@hotmail.com','Zacatecoluca','1992-09-07'),
('01234575-9','Wilfredo','López','71562489','wilfredo89@outlook.com','San Miguel','1990-05-29'),
('01234576-0','Susana','Rico','78192345','susana90@yahoo.com','Santa Ana','1995-11-03'),

('01234576-1','Rubén','Rosales','73821456','ruben91@gmail.com','Usulután','1987-08-21'),
('01234576-2','Katherine','Flores','76951248','katherine92@hotmail.com','Sonsonate','1994-03-11'),
('01234576-3','Edgar','Mejía','72234891','edgar93@outlook.com','Chalatenango','1989-07-15'),
('01234576-4','Lourdes','Miranda','78542139','lourdes94@yahoo.com','Cuscatlán','1993-12-27'),
('01234576-5','Felipe','Guevara','74351286','felipe95@gmail.com','La Libertad','1986-01-18'),
('01234576-6','Norma','Cortez','79845123','norma96@hotmail.com','Ahuachapán','1991-09-09'),
('01234576-7','Samuel','Abarca','72981345','samuel97@outlook.com','San Salvador','1996-05-06'),
('01234576-8','Jennifer','Escamilla','77621458','jennifer98@yahoo.com','Soyapango','1988-10-22'),
('01234576-9','Óliver','Valencia','71458923','oliver99@gmail.com','Apopa','1992-04-01'),
('01234577-0','Paola','Granados','78314562','paola100@hotmail.com','Mejicanos','1995-06-13'),

('01234577-1','Miguel Ángel','Alfaro','74268135','miguel101@gmail.com','Santa Tecla','1989-04-12'),
('01234577-2','Karen','Zamora','78135246','karen102@hotmail.com','San Marcos','1994-08-21'),
('01234577-3','Rodrigo','Cortez','71659482','rodrigo103@outlook.com','Ilopango','1991-11-03'),
('01234577-4','Diana','Amador','79842153','diana104@yahoo.com','Zacatecoluca','1996-02-17'),
('01234577-5','Walter','Quijano','73482561','walter105@gmail.com','San Miguel','1987-09-28'),
('01234577-6','Marcela','Peñate','77513624','marcela106@hotmail.com','Santa Ana','1993-01-09'),
('01234577-7','Dennis','Rivera','72154389','dennis107@outlook.com','Usulután','1990-06-15'),
('01234577-8','Brenda','Castellanos','78965431','brenda108@yahoo.com','Sonsonate','1995-10-24'),
('01234577-9','José Luis','Alemán','74612358','joseluis109@gmail.com','Chalatenango','1988-03-07'),
('01234578-0','Carla','Méndez','78246513','carla110@hotmail.com','Cuscatlán','1992-12-18'),

('01234578-1','Ricardo','Martell','71325648','ricardo111@outlook.com','La Libertad','1986-07-22'),
('01234578-2','Patricia','Arias','79481325','patricia112@yahoo.com','Ahuachapán','1994-05-14'),
('01234578-3','Julio','Moran','73852164','julio113@gmail.com','San Salvador','1989-09-30'),
('01234578-4','Tatiana','Escobar','77136542','tatiana114@hotmail.com','Soyapango','1997-04-06'),
('01234578-5','Mauricio','Lovo','72548193','mauricio115@outlook.com','Apopa','1991-01-27'),
('01234578-6','Sandra','Cañas','78691452','sandra116@yahoo.com','Mejicanos','1995-07-11'),
('01234578-7','Cristóbal','Acosta','74125837','cristobal117@gmail.com','Santa Tecla','1987-11-19'),
('01234578-8','Verónica','Campos','79913524','veronica118@hotmail.com','San Marcos','1993-03-25'),
('01234578-9','Carlos Alberto','Gómez','73261485','carlos119@outlook.com','Ilopango','1990-08-02'),
('01234579-0','Silvia','Arévalo','77485316','silvia120@yahoo.com','Zacatecoluca','1996-06-28'),

('01234579-1','Fernando','Portillo','71942653','fernando121@gmail.com','San Miguel','1988-10-10'),
('01234579-2','Claudia','Villatoro','78351264','claudia122@hotmail.com','Santa Ana','1992-02-13'),
('01234579-3','Eduardo','Aparicio','74526318','eduardo123@outlook.com','Usulután','1989-12-01'),
('01234579-4','Marta','Aguirre','79745126','marta124@yahoo.com','Sonsonate','1994-09-17'),
('01234579-5','Joaquín','Durán','72681345','joaquin125@gmail.com','Chalatenango','1986-04-29'),
('01234579-6','Alejandra','Parada','77835241','alejandra126@hotmail.com','Cuscatlán','1991-07-08'),
('01234579-7','Erick','Henríquez','71469528','erick127@outlook.com','La Libertad','1995-01-15'),
('01234579-8','Marina','López','78512463','marina128@yahoo.com','Ahuachapán','1993-05-23'),
('01234579-9','Nelson','García','74385126','nelson129@gmail.com','San Salvador','1987-08-31'),
('01234580-0','Rosa María','Ochoa','79246315','rosamaria130@hotmail.com','Soyapango','1996-11-20'),

('01234580-1','Óscar','Vásquez','73152648','oscar131@outlook.com','Apopa','1989-03-14'),
('01234580-2','Yolanda','Reyes','77684523','yolanda132@yahoo.com','Mejicanos','1992-06-05'),
('01234580-3','Kevin','Salinas','71825364','kevin133@gmail.com','Santa Tecla','1990-10-27'),
('01234580-4','Natalia','Mendoza','78463125','natalia134@hotmail.com','San Marcos','1995-02-09'),
('01234580-5','Armando','Bonilla','74682531','armando135@outlook.com','Ilopango','1988-12-22'),
('01234580-6','Lorena','Calderón','79924153','lorena136@yahoo.com','Zacatecoluca','1994-04-18'),
('01234580-7','Víctor Manuel','Rivas','72351684','victor137@gmail.com','San Miguel','1987-07-01'),
('01234580-8','Glenda','Mata','78194325','glenda138@hotmail.com','Santa Ana','1993-09-12'),
('01234580-9','Renato','Lemus','73528461','renato139@outlook.com','Usulután','1991-01-30'),
('01234581-0','Beatriz','Pérez','77365142','beatriz140@yahoo.com','Sonsonate','1996-08-16'),

('01234581-1','Héctor','Miranda','71254836','hector141@gmail.com','Chalatenango','1989-05-08'),
('01234581-2','Andrea','Funes','78932154','andrea142@hotmail.com','Cuscatlán','1994-11-26'),
('01234581-3','Pablo','Moreno','74418623','pablo143@outlook.com','La Libertad','1988-02-19'),
('01234581-4','Mónica','Valdez','79645231','monica144@yahoo.com','Ahuachapán','1992-07-04'),
('01234581-5','Javier','Cárcamo','72854163','javier145@gmail.com','San Salvador','1990-03-21'),
('01234581-6','Paula','Rosales','78231645','paula146@hotmail.com','Soyapango','1995-12-07'),
('01234581-7','Raúl','Guardado','74152386','raul147@outlook.com','Apopa','1987-06-13'),
('01234581-8','Liliana','Ayala','79863214','liliana148@yahoo.com','Mejicanos','1993-10-29'),
('01234581-9','Sergio','Vega','73496125','sergio149@gmail.com','Santa Tecla','1991-04-25'),
('01234582-0','Cecilia','Navas','77521438','cecilia150@hotmail.com','San Marcos','1996-01-11');


insert into especie (nombre, descripcion) values
('Perro', 'Mamífero doméstico común como mascota'),
('Gato', 'Felino doméstico independiente y popular'),
('Ave', 'Animales vertebrados con plumas y alas'),
('Conejo', 'Mamífero pequeño herbívoro doméstico'),
('Hámster', 'Roedor pequeño usado como mascota'),
('Tortuga', 'Reptil de caparazón duro y vida larga'),
('Iguana', 'Reptil herbívoro común en climas cálidos'),
('Pez', 'Pez ornamental de colores llamativos'),
('Caballo', 'Mamífero grande usado para trabajo y deporte'),
('Cabra', 'Mamífero doméstico de granja'),

('Cerdo', 'Mamífero doméstico de granja y consumo'),
('Erizo', 'Mamífero pequeño con púas defensivas'),
('Hurón', 'Mamífero carnívoro pequeño usado como mascota'),
('Cobaya', 'Mamífero roedor conocido también como conejillo de Indias'),
('Chinchilla', 'Mamífero roedor de pelaje denso usado como mascota'),
('Serpiente', 'Reptil sin extremidades mantenido como mascota exótica'),
('Pato', 'Ave doméstica criada como mascota o animal de granja'),
('Oveja', 'Mamífero doméstico criado por su lana y compañía'),
('Gallina', 'Ave doméstica criada como mascota o para producción de huevos'),
('Gecko', 'Pequeño reptil popular como mascota exótica');


insert into raza (id_especie, nombre) values

(1, 'Labrador Retriever'),
(1, 'Pastor Alemán'),
(1, 'Golden Retriever'),
(2, 'Persa'),
(2, 'Siamés'),
(2, 'Maine Coon'),
(3, 'Periquito Australiano'),
(3, 'Canario Doméstico'),
(3, 'Agapornis'),
(4, 'Holandés'),
(4, 'Cabeza de León'),
(4, 'Mini Rex'),
(5, 'Sirio'),
(5, 'Ruso'),
(5, 'Roborovski'),
(6, 'Tortuga de Orejas Rojas'),
(6, 'Tortuga Rusa'),
(6, 'Tortuga Leopardo'),
(7, 'Iguana Verde'),
(7, 'Iguana Azul'),
(7, 'Iguana del Desierto'),
(8, 'Goldfish'),
(8, 'Guppy'),
(8, 'Molly'),
(9, 'Árabe'),
(9, 'Cuarto de Milla'),
(9, 'Pura Sangre Inglés'),
(10, 'Boer'),
(10, 'Saanen'),
(10, 'Alpina'),
(11, 'Vietnamita'),
(11, 'Mini Pig'),
(11, 'Large White'),
(12, 'Erizo Africano'),
(12, 'Erizo Egipcio'),
(12, 'Erizo Europeo'),
(13, 'Hurón Estándar'),
(13, 'Hurón Angora'),
(13, 'Hurón Albino'),
(14, 'Americana'),
(14, 'Abisinia'),
(14, 'Peruana'),
(15, 'Estándar Gris'),
(15, 'Blanca Wilson'),
(15, 'Beige'),
(16, 'Serpiente del Maíz'),
(16, 'Boa Constrictor'),
(16, 'Pitón Real'),
(17, 'Pekín'),
(17, 'Khaki Campbell'),
(17, 'Corredor Indio'),
(18, 'Merina'),
(18, 'Dorper'),
(18, 'Suffolk'),
(19, 'Leghorn'),
(19, 'Rhode Island Red'),
(19, 'Plymouth Rock'),
(20, 'Gecko Leopardo'),
(20, 'Gecko Crestado'),
(20, 'Gecko Tokay');


insert into medicamento (nombre, marca, componentes, costo_unitario, fecha_caducidad) values

('Antibiótico Plus', 'VetPharma', 'Cefalexina', 12.45, '2028-04-12'),
('Antiinflamatorio Max', 'AnimalHealth', 'Meloxicam', 18.75, '2027-09-30'),
('Vitaminas Premium', 'PetLabs', 'Vitaminas A, D y E', 24.99, '2029-01-15'),
('Jarabe Respiratorio', 'VetCare', 'Ambroxol', 9.35, '2027-11-22'),
('Protector Hepático', 'BioPet', 'Silimarina', 45.60, '2028-08-18'),
('Analgésico Forte', 'VetPharma', 'Tramadol', 33.40, '2027-05-10'),
('Antiparasitario Total', 'AnimalHealth', 'Ivermectina', 27.85, '2028-02-14'),
('Suplemento Articular', 'PetLabs', 'Glucosamina', 89.95, '2029-07-01'),
('Gotas Oftálmicas', 'VisionVet', 'Tobramicina', 15.70, '2027-12-05'),
('Crema Dermatológica', 'DermPet', 'Ketoconazol', 22.15, '2028-09-27'),

('Vacuna Triple Canina', 'VetVacc', 'Virus atenuados', 75.50, '2028-06-11'),
('Vacuna Felina Plus', 'VetVacc', 'Virus atenuados', 81.35, '2029-03-20'),
('Antibiótico Inyectable', 'BioVet', 'Enrofloxacina', 54.80, '2027-10-18'),
('Antifúngico Oral', 'PetLabs', 'Itraconazol', 68.25, '2028-12-07'),
('Calmante Natural', 'GreenPet', 'Valeriana', 13.90, '2029-04-29'),
('Complejo B Veterinario', 'NutriVet', 'Vitaminas B', 17.65, '2028-01-17'),
('Rehidratante Avanzado', 'VetSalud', 'Electrolitos y glucosa', 8.99, '2027-08-03'),
('Antialérgico Pet', 'AnimalHealth', 'Loratadina', 29.75, '2028-10-21'),
('Antibiótico Premium', 'VetPharma', 'Doxiciclina', 46.50, '2029-05-09'),
('Antiséptico Concentrado', 'CleanVet', 'Yodo povidona', 11.40, '2027-07-25'),

('Suplemento Omega 3', 'PetLabs', 'Aceite de pescado', 64.85, '2028-11-14'),
('Proteína Especial', 'NutriVet', 'Aminoácidos', 119.99, '2029-08-12'),
('Tratamiento Renal', 'BioPet', 'Benazepril', 148.75, '2028-03-31'),
('Tratamiento Cardíaco', 'HeartVet', 'Pimobendan', 235.60, '2029-10-16'),
('Anticonvulsivo Vet', 'NeuroPet', 'Fenobarbital', 172.45, '2027-06-28'),
('Vacuna Rabia Plus', 'VetVacc', 'Virus inactivado', 93.20, '2028-05-19'),
('Suplemento Digestivo', 'BioPet', 'Probióticos', 36.80, '2029-02-02'),
('Antipulgas Premium', 'PetShield', 'Fluralaner', 124.95, '2028-07-30'),
('Antigarrapatas Total', 'PetShield', 'Afoxolaner', 139.50, '2029-09-08'),
('Calcio Veterinario', 'NutriVet', 'Carbonato de calcio', 21.70, '2027-12-17'),

('Tratamiento Hormonal', 'EndoVet', 'Hormonas sintéticas', 285.35, '2028-08-25'),
('Anestésico General', 'SurgiVet', 'Propofol', 342.80, '2029-01-27'),
('Sedante Profesional', 'SurgiVet', 'Dexmedetomidina', 197.65, '2028-04-06'),
('Antibiótico Especializado', 'VetElite', 'Marbofloxacina', 163.25, '2029-06-13'),
('Tratamiento Oncológico', 'OncoPet', 'Carboplatino', 684.90, '2028-11-04'),
('Inmunoestimulante', 'ImmuneVet', 'Interferón', 258.55, '2029-03-15'),
('Protector Gástrico', 'DigestVet', 'Omeprazol', 41.25, '2027-09-01'),
('Suplemento Aviar', 'BirdCare', 'Vitaminas y minerales', 14.65, '2028-10-12'),
('Antibiótico Equino', 'HorseMed', 'Penicilina', 352.40, '2029-07-21'),
('Vitaminas Reptiles', 'ReptiCare', 'Multivitamínico', 19.95, '2028-02-26'),

('Antiparasitario Bovino', 'FarmVet', 'Albendazol', 405.75, '2029-05-18'),
('Tratamiento Respiratorio', 'LungVet', 'Bromhexina', 57.35, '2027-11-29'),
('Analgésico Avanzado', 'PainVet', 'Carprofeno', 88.60, '2028-12-24'),
('Suero Intravenoso', 'VetSalud', 'Solución salina', 6.45, '2027-08-09'),
('Antibiótico Exótico', 'ExoticVet', 'Azitromicina', 216.80, '2029-04-07'),
('Vacuna Exóticos', 'VetVacc', 'Virus atenuados', 145.25, '2028-06-02'),
('Tratamiento Dermatológico', 'DermPet', 'Miconazol', 73.90, '2029-01-11'),
('Regenerador Celular', 'BioAdvance', 'Factores de crecimiento', 512.35, '2028-09-22'),
('Terapia Intensiva Plus', 'CriticalVet', 'Medicamentos combinados', 879.95, '2029-11-30'),
('Suplemento Premium Gold', 'ElitePet', 'Vitaminas y minerales', 298.45, '2028-07-14'),

('Antibiótico Canino', 'VetCare', 'Amoxicilina y ácido clavulánico', 47.35, '2028-03-11'),
('Antiinflamatorio Equino', 'HorseMed', 'Fenilbutazona', 138.90, '2029-05-24'),
('Suplemento Multivitamínico', 'NutriPet', 'Vitaminas A, B, C, D y E', 26.75, '2027-10-08'),
('Gotas Óticas', 'OticVet', 'Gentamicina', 19.40, '2028-08-17'),
('Protector Renal Plus', 'BioVet', 'Benazepril y antioxidantes', 172.65, '2029-01-30'),
('Antiparasitario Avanzado', 'PetShield', 'Milbemicina', 84.25, '2028-06-14'),
('Antifúngico Dermatológico', 'DermVet', 'Clotrimazol', 34.85, '2027-12-27'),
('Vacuna Séxtuple', 'VetVacc', 'Virus y bacterias atenuadas', 96.55, '2029-09-12'),
('Jarabe Digestivo', 'DigestVet', 'Simeticona', 12.95, '2028-04-02'),
('Calmante Veterinario', 'PetRelax', 'Pasiflora', 18.60, '2027-07-18'),

('Antibiótico Felino', 'CatHealth', 'Doxiciclina', 53.80, '2028-11-09'),
('Suplemento Óseo', 'BoneVet', 'Calcio y vitamina D', 42.15, '2029-02-22'),
('Tratamiento Hepático', 'LiverPet', 'Silimarina y vitaminas', 118.45, '2028-05-15'),
('Antialérgico Premium', 'AllergyVet', 'Cetirizina', 37.25, '2029-07-01'),
('Vacuna Antirrábica', 'VetVacc', 'Virus inactivado', 68.90, '2028-09-28'),
('Antibiótico Bovino', 'FarmVet', 'Oxitetraciclina', 264.35, '2029-03-13'),
('Suplemento Energético', 'EnergyPet', 'Glucosa y minerales', 24.50, '2027-11-30'),
('Antiséptico Profesional', 'CleanVet', 'Yodo y alcohol', 9.85, '2028-02-19'),
('Analgésico Equino', 'HorseCare', 'Flunixina', 194.75, '2029-08-06'),
('Protector Articular Plus', 'JointVet', 'Condroitina', 156.40, '2028-12-11'),

('Antipulgas Ultra', 'PetShield', 'Sarolaner', 132.90, '2029-06-23'),
('Antigarrapatas Forte', 'PetShield', 'Lotilaner', 146.55, '2028-10-04'),
('Suplemento Reptiles', 'ReptiLife', 'Vitaminas y calcio', 15.95, '2027-09-14'),
('Vitaminas Aves', 'BirdVet', 'Multivitamínico líquido', 11.45, '2028-07-26'),
('Tratamiento Digestivo', 'DigestVet', 'Probióticos avanzados', 49.80, '2029-01-08'),
('Anestésico Veterinario', 'SurgiVet', 'Ketamina', 376.25, '2028-04-20'),
('Sedante Clínico', 'SurgiVet', 'Midazolam', 228.60, '2029-11-17'),
('Antibiótico Exótico Plus', 'ExoticVet', 'Enrofloxacina', 95.30, '2028-08-31'),
('Tratamiento Respiratorio Avanzado', 'LungVet', 'Acetilcisteína', 63.75, '2029-05-27'),
('Protector Gástrico Forte', 'DigestVet', 'Pantoprazol', 57.90, '2028-03-07'),

('Suplemento Inmunológico', 'ImmuneVet', 'Beta-glucanos', 121.85, '2029-09-03'),
('Anticonvulsivo Plus', 'NeuroVet', 'Levetiracetam', 314.20, '2028-06-18'),
('Tratamiento Cardíaco Premium', 'HeartVet', 'Atenolol', 241.50, '2029-12-05'),
('Vacuna Triple Felina', 'VetVacc', 'Virus modificados', 88.45, '2028-01-24'),
('Antiinflamatorio Reptiles', 'ReptiCare', 'Meloxicam', 27.35, '2029-04-14'),
('Terapia Nutricional', 'NutriVet', 'Proteínas y aminoácidos', 79.95, '2028-11-21'),
('Antibiótico Potente', 'VetElite', 'Ciprofloxacina', 185.60, '2029-02-16'),
('Regenerador Cutáneo', 'DermPet', 'Alantoína', 44.70, '2028-07-09'),
('Suplemento Premium Silver', 'ElitePet', 'Minerales quelados', 274.85, '2029-10-28'),
('Tratamiento Metabólico', 'EndoVet', 'Metformina veterinaria', 167.25, '2028-05-03'),

('Inmunoterapia Especial', 'BioAdvance', 'Anticuerpos monoclonales', 742.90, '2029-08-15'),
('Terapia Intensiva Vet', 'CriticalVet', 'Soporte avanzado', 856.45, '2028-12-30'),
('Tratamiento Oncológico Plus', 'OncoPet', 'Doxorrubicina', 693.80, '2029-06-10'),
('Suplemento Digestivo Gold', 'ElitePet', 'Probióticos premium', 92.65, '2028-09-25'),
('Antiparasitario Integral', 'AnimalHealth', 'Praziquantel y pirantel', 58.35, '2029-03-19'),
('Antiséptico Avanzado', 'CleanVet', 'Clorhexidina concentrada', 21.90, '2028-04-28'),
('Vacuna Exótica Premium', 'VetVacc', 'Antígenos múltiples', 174.55, '2029-07-22'),
('Protector Neurológico', 'NeuroVet', 'Complejo neuroprotector', 388.75, '2028-10-16'),
('Terapia Celular', 'BioAdvance', 'Factores regenerativos', 621.40, '2029-01-12'),
('Suplemento Platinum', 'ElitePet', 'Vitaminas premium y omega', 337.95, '2028-08-04');


insert into procedimiento (nombre, detalles, costo) values
('Consulta General', 'Evaluación médica básica del animal', 15.00),
('Vacunación', 'Aplicación de vacunas según especie', 25.00),
('Desparasitación Interna', 'Eliminación de parásitos intestinales', 18.00),
('Desparasitación Externa', 'Tratamiento contra pulgas y garrapatas', 20.00),
('Esterilización', 'Cirugía para evitar reproducción en perros', 120.00),
('Cirugía General', 'Procedimiento quirúrgico menor o mayor', 250.00),
('Radiografía', 'Imagen diagnóstica por rayos X', 45.00),
('Ultrasonido', 'Estudio interno por ecografía', 60.00),
('Limpieza Dental', 'Eliminación de sarro y placa dental', 55.00),
('Sutura de Heridas', 'Cierre de heridas abiertas', 30.00),

('Hospitalización Diaria', 'Estancia médica con monitoreo', 40.00),
('Hospitalización Intensiva', 'Monitoreo constante del paciente en estado crítico con soporte vital', 80.00),
('Análisis de Sangre', 'Examen hematológico completo', 35.00),
('Prueba de Orina', 'Análisis de muestra urinaria', 20.00),
('Tratamiento Antibiótico', 'Aplicación de antibióticos según diagnóstico', 28.00),
('Tratamiento Antiinflamatorio', 'Reducción de inflamación y dolor', 22.00),
('Consulta de Emergencia', 'Atención inmediata fuera de horario', 50.00),
('Cirugía de Emergencia', 'Intervención quirúrgica urgente', 300.00),
('Terapia de Rehabilitación', 'Recuperación física del animal', 65.00),
('Control Postoperatorio', 'Revisión después de cirugía', 25.00),

('Endoscopia', 'Exploración interna mediante cámara especializada', 180.00),
('Electrocardiograma', 'Evaluación de la actividad eléctrica del corazón', 75.00),
('Ecocardiograma', 'Ultrasonido especializado del corazón', 120.00),
('Extracción de Tumores', 'Remoción quirúrgica de masas o tumores', 350.00),
('Cesárea Veterinaria', 'Procedimiento quirúrgico para asistir el parto', 280.00),
('Extracción Dental', 'Remoción de piezas dentales dañadas', 45.00),
('Implantación de Microchip', 'Colocación de dispositivo de identificación', 30.00),
('Curación de Quemaduras', 'Tratamiento y limpieza de tejido afectado', 55.00),
('Fluidoterapia', 'Administración intravenosa de líquidos y electrolitos', 40.00),
('Nebulización', 'Aplicación de medicamentos por vía respiratoria', 25.00),

('Biopsia', 'Obtención de muestra de tejido para análisis', 95.00),
('Cultivo Bacteriano', 'Identificación de microorganismos patógenos', 85.00),
('Prueba de Embarazo', 'Detección de gestación en animales', 35.00),
('Consulta Nutricional', 'Evaluación y planificación alimentaria', 30.00),
('Corte de Uñas', 'Mantenimiento higiénico de las uñas', 12.00),
('Limpieza de Oídos', 'Eliminación de suciedad y prevención de infecciones', 18.00),
('Oxigenoterapia', 'Administración de oxígeno terapéutico', 70.00),
('Eutanasia Humanitaria', 'Procedimiento para finalizar el sufrimiento del paciente', 90.00),
('Evaluación Dermatológica', 'Diagnóstico y tratamiento de afecciones cutáneas', 45.00),
('Control Prenatal', 'Seguimiento médico durante la gestación', 50.00);


insert into especialidad (nombre, descripcion) values
('Medicina General Veterinaria', 'Atención médica básica de animales domésticos'),
('Cirugía Veterinaria', 'Procedimientos quirúrgicos en animales'),
('Dermatología Veterinaria', 'Tratamiento de enfermedades de la piel'),
('Cardiología Veterinaria', 'Enfermedades del corazón en animales'),
('Oftalmología Veterinaria', 'Tratamiento de ojos y visión'),
('Neurología Veterinaria', 'Trastornos del sistema nervioso'),
('Traumatología Veterinaria', 'Lesiones óseas y musculares'),
('Medicina Interna', 'Diagnóstico de enfermedades internas'),
('Animales Exóticos', 'Atención de reptiles, aves y especies no comunes'),
('Urgencias Veterinarias', 'Atención inmediata de casos críticos'),
('Odontología Veterinaria', 'Diagnóstico y tratamiento de enfermedades dentales y bucales'),
('Oncología Veterinaria', 'Diagnóstico y tratamiento del cáncer en animales'),
('Nutrición Veterinaria', 'Planificación alimentaria y manejo nutricional'),
('Rehabilitación y Fisioterapia', 'Recuperación funcional después de lesiones o cirugías'),
('Reproducción Veterinaria', 'Manejo reproductivo, fertilidad y control prenatal');

insert into mascota (id_propietario, id_raza, nombre, sexo, peso_actual, fecha_nacimiento, estado_reproductivo, descripcion_fisica) values

-- 80 propietarios con 1 mascota

(1, 1, 'Max', 'M', 12.50, '2020-05-10', 'No esterilizado', 'Pelaje corto color café'),
(2, 4, 'Luna', 'F', 4.80, '2021-03-15', 'Esterilizado', 'Pelaje gris y ojos verdes'),
(3, 7, 'Rocky', 'M', 15.30, '2019-11-22', 'No esterilizado', 'Animal activo y fuerte'),
(4, 10, 'Mía', 'F', 5.20, '2020-08-07', 'Esterilizado', 'Pelaje suave y brillante'),
(5, 13, 'Simba', 'M', 6.10, '2021-06-11', 'No esterilizado', 'Color anaranjado intenso'),
(6, 16, 'Nala', 'F', 0.12, '2023-01-18', 'No esterilizado', 'Ave de plumaje amarillo'),
(7, 19, 'Toby', 'M', 2.40, '2022-04-05', 'Esterilizado', 'Conejo blanco de orejas largas'),
(8, 22, 'Coco', 'F', 0.09, '2023-07-21', 'No esterilizado', 'Pequeño y muy activo'),
(9, 25, 'Bruno', 'M', 0.15, '2022-10-14', 'No esterilizado', 'Pelaje dorado y suave'),
(10, 28, 'Kiara', 'F', 3.80, '2021-12-30', 'Esterilizado', 'Caparazón con manchas oscuras'),

(11, 2, 'Zeus', 'M', 29.40, '2018-09-12', 'No esterilizado', 'Gran tamaño y musculatura'),
(12, 5, 'Lola', 'F', 5.50, '2020-01-27', 'Esterilizado', 'Gata tranquila de pelo largo'),
(13, 8, 'Thor', 'M', 0.20, '2023-03-09', 'No esterilizado', 'Pez de colores brillantes'),
(14, 11, 'Bella', 'F', 145.00, '2017-05-17', 'No esterilizado', 'Caballo de pelaje oscuro'),
(15, 14, 'Duke', 'M', 2.10, '2022-08-03', 'Esterilizado', 'Cobaya de pelo corto'),
(16, 17, 'Canela', 'F', 0.70, '2021-11-28', 'No esterilizado', 'Iguana joven color verde'),
(17, 20, 'Rex', 'M', 450.00, '2016-04-22', 'No esterilizado', 'Caballo fuerte y resistente'),
(18, 23, 'Milo', 'M', 0.11, '2023-09-01', 'No esterilizado', 'Hámster pequeño y curioso'),
(19, 26, 'Sasha', 'F', 0.14, '2022-07-16', 'Esterilizado', 'Ave muy sociable'),
(20, 29, 'Paco', 'M', 1.90, '2021-02-12', 'No esterilizado', 'Conejo de pelaje blanco'),

(21, 3, 'Bobby', 'M', 31.80, '2019-06-20', 'No esterilizado', 'Perro protector y obediente'),
(22, 6, 'Mora', 'F', 4.60, '2020-10-10', 'Esterilizado', 'Gata negra de ojos amarillos'),
(23, 9, 'Pipo', 'M', 0.08, '2024-01-05', 'No esterilizado', 'Pez ornamental muy colorido'),
(24, 12, 'Pelusa', 'F', 58.00, '2018-08-14', 'Esterilizado', 'Cabra de pelaje blanco'),
(25, 15, 'Chispa', 'F', 0.85, '2022-05-23', 'No esterilizado', 'Chinchilla de pelaje gris'),
(26, 18, 'Rayo', 'M', 1.40, '2021-09-19', 'No esterilizado', 'Hurón muy activo'),
(27, 21, 'Bigotes', 'M', 2.20, '2022-03-11', 'Esterilizado', 'Conejo de color marrón'),
(28, 24, 'Lili', 'F', 0.10, '2023-08-08', 'No esterilizado', 'Hámster de pelaje claro'),
(29, 27, 'Copito', 'M', 0.13, '2022-06-29', 'No esterilizado', 'Ave pequeña y activa'),
(30, 30, 'Toki', 'M', 1.70, '2021-01-14', 'Esterilizado', 'Conejo de pelo abundante'),

(31, 1, 'Balto', 'M', 14.20, '2020-04-26', 'No esterilizado', 'Perro de tamaño mediano'),
(32, 4, 'Mimi', 'F', 5.10, '2021-07-04', 'Esterilizado', 'Pelaje gris claro'),
(33, 7, 'Lucky', 'M', 12.80, '2019-12-18', 'No esterilizado', 'Animal muy juguetón'),
(34, 10, 'Nieves', 'F', 4.70, '2020-09-30', 'Esterilizado', 'Pelaje blanco brillante'),
(35, 13, 'Rocco', 'M', 6.40, '2021-05-12', 'No esterilizado', 'Muy energético y amigable'),
(36, 16, 'Daisy', 'F', 0.11, '2023-02-25', 'No esterilizado', 'Ave de plumaje vistoso'),
(37, 19, 'Pinky', 'F', 2.30, '2022-01-07', 'Esterilizado', 'Conejo pequeño y dócil'),
(38, 22, 'Spike', 'M', 0.09, '2023-10-20', 'No esterilizado', 'Roedor muy activo'),
(39, 25, 'Leo', 'M', 0.16, '2022-12-03', 'No esterilizado', 'Pelaje dorado brillante'),
(40, 28, 'Kira', 'F', 4.10, '2021-08-15', 'Esterilizado', 'Tortuga de caparazón oscuro'),

(41, 3, 'Apolo', 'M', 27.80, '2019-07-14', 'No esterilizado', 'Perro de gran tamaño y pelaje dorado'),
(42, 6, 'Moka', 'F', 4.30, '2021-01-22', 'Esterilizado', 'Gata tranquila de ojos verdes'),
(43, 9, 'Flash', 'M', 0.07, '2024-02-11', 'No esterilizado', 'Pez pequeño de colores brillantes'),
(44, 12, 'Estrella', 'F', 62.50, '2018-05-30', 'No esterilizado', 'Cabra de pelaje marrón'),
(45, 15, 'Nube', 'F', 0.90, '2022-03-05', 'Esterilizado', 'Chinchilla de pelaje gris claro'),
(46, 18, 'Tom', 'M', 1.60, '2021-09-19', 'No esterilizado', 'Hurón juguetón y curioso'),
(47, 21, 'Copo', 'M', 2.10, '2022-07-28', 'Esterilizado', 'Conejo blanco de pelo corto'),
(48, 24, 'Choco', 'M', 0.12, '2023-08-17', 'No esterilizado', 'Hámster color café'),
(49, 27, 'Sol', 'F', 0.14, '2022-11-08', 'No esterilizado', 'Ave muy activa y sociable'),
(50, 30, 'Peluchín', 'M', 1.90, '2021-04-21', 'Esterilizado', 'Conejo de pelaje abundante'),

(51, 2, 'Bolt', 'M', 30.50, '2018-10-12', 'No esterilizado', 'Perro fuerte y protector'),
(52, 5, 'Lily', 'F', 5.60, '2020-06-04', 'Esterilizado', 'Gata de pelo largo y suave'),
(53, 8, 'Coral', 'F', 0.09, '2023-12-02', 'No esterilizado', 'Pez ornamental de colores vivos'),
(54, 11, 'Relámpago', 'M', 410.00, '2017-02-19', 'No esterilizado', 'Caballo veloz y resistente'),
(55, 14, 'Pecas', 'F', 2.40, '2022-08-14', 'Esterilizado', 'Cobaya de manchas marrones'),
(56, 17, 'Iggy', 'M', 0.80, '2021-07-25', 'No esterilizado', 'Iguana verde de tamaño mediano'),
(57, 20, 'Tormenta', 'F', 470.00, '2016-11-10', 'No esterilizado', 'Caballo de pelaje negro brillante'),
(58, 23, 'Maní', 'M', 0.10, '2023-05-29', 'No esterilizado', 'Hámster pequeño y activo'),
(59, 26, 'Kiwi', 'F', 0.13, '2022-09-03', 'Esterilizado', 'Ave de plumaje amarillo'),
(60, 29, 'Bunny', 'F', 2.00, '2021-10-13', 'No esterilizado', 'Conejo dócil de color blanco'),

(61, 1, 'Rex', 'M', 13.70, '2020-01-17', 'No esterilizado', 'Perro amigable y energético'),
(62, 4, 'Luna', 'F', 4.90, '2021-04-27', 'Esterilizado', 'Gata gris de ojos azules'),
(63, 7, 'Koda', 'M', 11.50, '2020-08-09', 'No esterilizado', 'Animal activo y juguetón'),
(64, 10, 'Miel', 'F', 4.60, '2021-02-16', 'Esterilizado', 'Pelaje brillante color crema'),
(65, 13, 'Simón', 'M', 5.80, '2020-12-01', 'No esterilizado', 'Animal tranquilo y sociable'),
(66, 16, 'Jade', 'F', 0.75, '2022-04-18', 'No esterilizado', 'Iguana joven color verde intenso'),
(67, 19, 'Brisa', 'F', 1.80, '2022-06-24', 'Esterilizado', 'Conejo pequeño de orejas largas'),
(68, 22, 'Trueno', 'M', 0.11, '2023-03-14', 'No esterilizado', 'Hámster rápido y curioso'),
(69, 25, 'Lolo', 'M', 0.15, '2022-07-01', 'No esterilizado', 'Ave pequeña muy activa'),
(70, 28, 'Canela', 'F', 4.20, '2021-05-11', 'Esterilizado', 'Tortuga de caparazón marrón'),

(71, 3, 'Rocky', 'M', 29.60, '2019-09-08', 'No esterilizado', 'Perro protector de gran tamaño'),
(72, 6, 'Nina', 'F', 5.20, '2020-11-23', 'Esterilizado', 'Gata cariñosa y tranquila'),
(73, 9, 'Burbuja', 'F', 0.08, '2024-01-20', 'No esterilizado', 'Pez de colores llamativos'),
(74, 12, 'Blanquita', 'F', 55.00, '2018-03-07', 'No esterilizado', 'Cabra dócil de pelaje blanco'),
(75, 15, 'Pelusa', 'F', 0.95, '2022-10-09', 'Esterilizado', 'Chinchilla de pelaje muy suave'),
(76, 18, 'Bandido', 'M', 1.50, '2021-08-30', 'No esterilizado', 'Hurón inquieto y juguetón'),
(77, 21, 'Bigotes', 'M', 2.30, '2022-01-15', 'Esterilizado', 'Conejo marrón de pelo corto'),
(78, 24, 'Nugget', 'M', 0.13, '2023-09-26', 'No esterilizado', 'Hámster dorado muy activo'),
(79, 27, 'Cielo', 'F', 0.12, '2022-05-08', 'No esterilizado', 'Ave pequeña de plumaje azul'),
(80, 30, 'Copito', 'M', 1.85, '2021-12-19', 'Esterilizado', 'Conejo blanco de abundante pelaje'),

-- 40 propietarios con 2 mascotas

(81, 1, 'Max', 'M', 14.20, '2020-03-15', 'No esterilizado', 'Perro de pelaje corto color café'),
(81, 4, 'Michi', 'F', 4.80, '2021-07-22', 'Esterilizado', 'Gata gris de ojos verdes'),
(82, 2, 'Rocky', 'M', 28.50, '2019-11-08', 'No esterilizado', 'Perro fuerte y protector'),
(82, 5, 'Luna', 'F', 5.10, '2020-09-14', 'Esterilizado', 'Gata de pelo largo'),
(83, 3, 'Bruno', 'M', 30.40, '2018-12-01', 'No esterilizado', 'Perro amigable de gran tamaño'),
(83, 6, 'Nala', 'F', 4.60, '2021-04-27', 'Esterilizado', 'Gata negra de ojos amarillos'),
(84, 7, 'Toby', 'M', 12.80, '2020-06-19', 'No esterilizado', 'Animal muy activo'),
(84, 21, 'Copito', 'M', 2.10, '2022-05-10', 'Esterilizado', 'Conejo blanco de pelo corto'),
(85, 8, 'Coral', 'F', 0.09, '2023-02-15', 'No esterilizado', 'Pez ornamental colorido'),
(85, 22, 'Chispa', 'F', 0.12, '2023-08-30', 'No esterilizado', 'Hámster pequeño y rápido'),

(86, 9, 'Burbuja', 'F', 0.08, '2024-01-11', 'No esterilizado', 'Pez de colores brillantes'),
(86, 23, 'Maní', 'M', 0.10, '2023-09-05', 'No esterilizado', 'Hámster dorado'),
(87, 10, 'Mía', 'F', 4.90, '2020-11-23', 'Esterilizado', 'Animal tranquilo y cariñoso'),
(87, 24, 'Nugget', 'M', 0.14, '2023-03-17', 'No esterilizado', 'Hámster muy activo'),
(88, 11, 'Relámpago', 'M', 420.00, '2017-07-09', 'No esterilizado', 'Caballo veloz y resistente'),
(88, 25, 'Kiwi', 'F', 0.13, '2022-06-21', 'No esterilizado', 'Ave pequeña de plumaje verde'),
(89, 12, 'Blanquita', 'F', 58.00, '2018-05-30', 'No esterilizado', 'Cabra de pelaje blanco'),
(89, 26, 'Sol', 'F', 0.12, '2022-08-13', 'Esterilizado', 'Ave muy sociable'),
(90, 13, 'Simba', 'M', 6.00, '2020-10-12', 'No esterilizado', 'Animal juguetón y activo'),
(90, 27, 'Cielo', 'F', 0.11, '2023-05-08', 'No esterilizado', 'Ave de plumaje azul'),

(91, 14, 'Pecas', 'F', 2.20, '2022-01-24', 'Esterilizado', 'Cobaya de manchas marrones'),
(91, 28, 'Canela', 'F', 4.10, '2021-09-18', 'Esterilizado', 'Tortuga de caparazón oscuro'),
(92, 15, 'Pelusa', 'F', 0.95, '2022-07-14', 'Esterilizado', 'Chinchilla de pelaje suave'),
(92, 29, 'Bunny', 'F', 1.90, '2021-11-05', 'No esterilizado', 'Conejo dócil de color blanco'),
(93, 16, 'Iggy', 'M', 0.75, '2022-04-10', 'No esterilizado', 'Iguana verde joven'),
(93, 30, 'Bigotes', 'M', 2.00, '2021-06-22', 'Esterilizado', 'Conejo de pelo abundante'),
(94, 17, 'Jade', 'F', 0.82, '2021-12-01', 'No esterilizado', 'Iguana de color verde intenso'),
(94, 1, 'Kaiser', 'M', 13.50, '2020-08-17', 'No esterilizado', 'Perro de tamaño mediano'),
(95, 18, 'Bandido', 'M', 1.60, '2021-03-19', 'No esterilizado', 'Hurón muy curioso'),
(95, 2, 'Bolt', 'M', 29.80, '2019-09-24', 'No esterilizado', 'Perro protector'),

(96, 19, 'Brisa', 'F', 1.80, '2022-02-28', 'Esterilizado', 'Conejo pequeño de orejas largas'),
(96, 3, 'Apolo', 'M', 31.20, '2018-11-11', 'No esterilizado', 'Perro obediente y amigable'),
(97, 20, 'Tormenta', 'F', 460.00, '2016-08-15', 'No esterilizado', 'Caballo de pelaje negro'),
(97, 4, 'Nina', 'F', 4.70, '2021-01-09', 'Esterilizado', 'Gata tranquila'),
(98, 21, 'Rocco', 'M', 2.30, '2022-04-05', 'No esterilizado', 'Conejo marrón muy activo'),
(98, 5, 'Lily', 'F', 5.40, '2020-07-30', 'Esterilizado', 'Gata de pelo largo'),
(99, 22, 'Flash', 'M', 0.13, '2023-10-20', 'No esterilizado', 'Hámster muy veloz'),
(99, 6, 'Moka', 'F', 4.90, '2021-05-12', 'Esterilizado', 'Gata gris clara'),
(100, 23, 'Pipo', 'M', 0.11, '2023-08-14', 'No esterilizado', 'Hámster pequeño y curioso'),
(100, 7, 'Koda', 'M', 12.10, '2020-12-03', 'No esterilizado', 'Animal activo y juguetón'),

(101, 31, 'Luna', 'F', 2.40, '2022-05-11', 'Esterilizado', 'Cobaya de pelaje blanco'),
(101, 8, 'Nemo', 'M', 0.10, '2023-08-15', 'No esterilizado', 'Pez ornamental de colores vivos'),
(102, 45, 'Spike', 'M', 0.75, '2021-11-02', 'No esterilizado', 'Iguana verde de tamaño mediano'),
(102, 12, 'Blanquita', 'F', 55.00, '2018-03-10', 'No esterilizado', 'Cabra de pelaje blanco'),
(103, 52, 'Púa', 'F', 0.35, '2022-09-08', 'No esterilizado', 'Erizo africano de púas oscuras'),
(103, 5, 'Michi', 'F', 4.80, '2021-06-12', 'Esterilizado', 'Gata tranquila y cariñosa'),
(104, 37, 'Bigotes', 'M', 2.10, '2022-04-19', 'Esterilizado', 'Conejo gris de pelo suave'),
(104, 59, 'Canela', 'F', 2.70, '2021-12-01', 'Esterilizado', 'Cobaya de pelaje marrón'),
(105, 48, 'Boa', 'F', 1.20, '2021-07-20', 'No esterilizado', 'Serpiente joven de colores vivos'),
(105, 3, 'Rocky', 'M', 29.60, '2019-09-14', 'No esterilizado', 'Perro protector de gran tamaño'),

(106, 33, 'Copito', 'M', 1.80, '2022-01-18', 'No esterilizado', 'Conejo blanco muy dócil'),
(106, 58, 'Peluchín', 'M', 2.50, '2020-10-15', 'Esterilizado', 'Cobaya de pelo largo'),
(107, 41, 'Piolín', 'M', 0.09, '2023-11-07', 'No esterilizado', 'Ave pequeña de canto melodioso'),
(107, 14, 'Pecas', 'F', 2.30, '2022-02-28', 'Esterilizado', 'Cobaya con manchas marrones'),
(108, 54, 'Rizo', 'M', 0.40, '2022-08-13', 'No esterilizado', 'Erizo curioso y activo'),
(108, 21, 'Bunny', 'F', 2.00, '2021-05-30', 'Esterilizado', 'Conejo blanco de pelo corto'),
(109, 36, 'Nube', 'F', 2.20, '2021-08-09', 'Esterilizado', 'Cobaya blanca con manchas negras'),
(109, 47, 'Sombra', 'M', 1.10, '2021-06-25', 'No esterilizado', 'Boa constrictor joven'),
(110, 60, 'Toki', 'M', 0.08, '2023-10-03', 'No esterilizado', 'Gecko de colores llamativos'),
(110, 6, 'Lola', 'F', 5.10, '2020-09-18', 'Esterilizado', 'Gata negra de ojos amarillos'),

(111, 44, 'Iggy', 'M', 0.60, '2021-04-12', 'No esterilizado', 'Iguana verde muy activa'),
(111, 30, 'Nevado', 'M', 1.90, '2021-03-09', 'Esterilizado', 'Conejo blanco de abundante pelaje'),
(112, 55, 'Bandido', 'M', 1.30, '2022-05-15', 'No esterilizado', 'Hurón juguetón'),
(112, 9, 'Burbuja', 'F', 0.08, '2024-01-21', 'No esterilizado', 'Pez de colores brillantes'),
(113, 39, 'Chispa', 'F', 0.14, '2023-04-17', 'No esterilizado', 'Hámster muy activa'),
(113, 49, 'Rex', 'M', 1.50, '2022-03-14', 'No esterilizado', 'Hurón de pelaje marrón'),
(114, 32, 'Mora', 'F', 2.00, '2022-07-11', 'Esterilizado', 'Cobaya tranquila'),
(114, 57, 'Manchas', 'F', 2.80, '2020-07-20', 'Esterilizado', 'Cobaya de pelaje tricolor'),
(115, 42, 'Paco', 'M', 0.42, '2022-06-01', 'No esterilizado', 'Periquito verde muy sociable'),
(115, 17, 'Jade', 'F', 0.80, '2021-08-14', 'No esterilizado', 'Iguana joven color verde'),

(116, 51, 'Lilo', 'F', 1.10, '2022-09-30', 'No esterilizado', 'Hurón albino muy curioso'),
(116, 24, 'Maní', 'M', 0.11, '2023-09-05', 'No esterilizado', 'Hámster dorado'),
(117, 34, 'Pelusa', 'F', 1.90, '2022-11-18', 'No esterilizado', 'Conejo marrón muy dócil'),
(117, 46, 'Rambo', 'M', 0.70, '2021-12-02', 'No esterilizado', 'Serpiente del maíz color naranja'),
(118, 56, 'Lucky', 'M', 0.12, '2023-06-27', 'No esterilizado', 'Ave de plumaje amarillo brillante'),
(118, 1, 'Max', 'M', 13.20, '2020-04-18', 'No esterilizado', 'Perro activo de tamaño mediano'),
(119, 35, 'Nieves', 'F', 2.10, '2022-10-08', 'No esterilizado', 'Conejo blanco de ojos rojos'),
(119, 53, 'Pinky', 'F', 0.32, '2022-01-24', 'No esterilizado', 'Erizo pequeño y sociable'),
(120, 40, 'Bolita', 'M', 0.13, '2023-08-11', 'No esterilizado', 'Hámster pequeño y dócil'),
(120, 43, 'Coco', 'F', 0.11, '2023-04-03', 'No esterilizado', 'Ave de plumaje azul brillante'),

-- 30 propietarios con 3 mascotas

(121, 2, 'Max', 'M', 28.50, '2019-05-12', 'No esterilizado', 'Perro fuerte y protector'),
(121, 41, 'Pelusa', 'F', 2.10, '2022-08-19', 'Esterilizado', 'Cobaya blanca de pelo suave'),
(121, 58, 'Toki', 'M', 0.08, '2023-10-14', 'No esterilizado', 'Gecko de colores llamativos'),
(122, 5, 'Luna', 'F', 4.90, '2020-07-23', 'Esterilizado', 'Gata tranquila y cariñosa'),
(122, 34, 'Spike', 'M', 0.35, '2022-04-11', 'No esterilizado', 'Erizo africano muy activo'),
(122, 49, 'Donald', 'M', 2.80, '2021-03-08', 'No esterilizado', 'Pato de plumaje blanco'),
(123, 1, 'Rocky', 'M', 14.20, '2020-02-17', 'No esterilizado', 'Perro juguetón y obediente'),
(123, 45, 'Nube', 'F', 0.90, '2022-09-26', 'Esterilizado', 'Chinchilla de pelaje gris'),
(123, 53, 'Blanca', 'F', 65.00, '2019-11-07', 'No esterilizado', 'Oveja de lana abundante'),
(124, 6, 'Michi', 'F', 5.30, '2021-01-09', 'Esterilizado', 'Gata negra de ojos verdes'),

(124, 38, 'Bandido', 'M', 1.40, '2022-02-24', 'No esterilizado', 'Hurón muy curioso'),
(124, 56, 'Ruby', 'F', 2.10, '2021-07-13', 'No esterilizado', 'Gallina de plumaje rojizo'),
(125, 25, 'Relámpago', 'M', 430.00, '2018-06-02', 'No esterilizado', 'Caballo veloz y resistente'),
(125, 17, 'Caparazón', 'F', 4.20, '2020-08-30', 'Esterilizado', 'Tortuga tranquila'),
(125, 44, 'Copito', 'M', 0.95, '2022-10-04', 'No esterilizado', 'Chinchilla de pelo suave'),
(126, 3, 'Bruno', 'M', 31.50, '2018-12-15', 'No esterilizado', 'Perro grande y amigable'),
(126, 20, 'Iggy', 'M', 0.85, '2021-05-22', 'No esterilizado', 'Iguana verde joven'),
(126, 60, 'Leo', 'M', 0.09, '2023-09-18', 'No esterilizado', 'Gecko muy activo'),
(127, 11, 'Bigotes', 'M', 2.00, '2022-04-07', 'Esterilizado', 'Conejo blanco de orejas largas'),
(127, 31, 'Porky', 'M', 42.00, '2021-09-14', 'No esterilizado', 'Cerdo vietnamita dócil'),

(127, 55, 'Sol', 'F', 2.40, '2021-11-29', 'No esterilizado', 'Gallina de plumaje blanco'),
(128, 4, 'Nina', 'F', 4.60, '2020-10-11', 'Esterilizado', 'Gata persa de pelo largo'),
(128, 46, 'Boa', 'F', 1.30, '2021-06-18', 'No esterilizado', 'Serpiente del maíz naranja'),
(128, 51, 'Pekín', 'M', 3.00, '2021-02-03', 'No esterilizado', 'Pato doméstico tranquilo'),
(129, 27, 'Tormenta', 'F', 480.00, '2017-03-27', 'No esterilizado', 'Caballo de gran porte'),
(129, 35, 'Púa', 'F', 0.40, '2022-01-15', 'No esterilizado', 'Erizo pequeño y curioso'),
(129, 42, 'Canela', 'F', 2.30, '2021-08-20', 'Esterilizado', 'Cobaya marrón muy dócil'),
(130, 8, 'Kiwi', 'M', 0.12, '2023-12-01', 'No esterilizado', 'Ave de plumaje verde'),
(130, 39, 'Rex', 'M', 1.50, '2022-07-07', 'No esterilizado', 'Hurón de pelaje oscuro'),
(130, 54, 'Lana', 'F', 72.00, '2020-04-16', 'No esterilizado', 'Oveja de lana blanca abundante'),

(131, 3, 'Apolo', 'M', 30.80, '2019-08-14', 'No esterilizado', 'Perro de gran tamaño y pelaje brillante'),
(131, 40, 'Pelusa', 'F', 2.10, '2022-06-11', 'Esterilizado', 'Cobaya blanca muy dócil'),
(131, 59, 'Cresta', 'F', 0.09, '2023-11-25', 'No esterilizado', 'Gecko activo de colores suaves'),
(132, 6, 'Lily', 'F', 5.20, '2020-10-07', 'Esterilizado', 'Gata de pelo largo y ojos verdes'),
(132, 34, 'Pincho', 'M', 0.38, '2022-02-18', 'No esterilizado', 'Erizo africano muy curioso'),
(132, 50, 'Lucas', 'M', 2.90, '2021-05-30', 'No esterilizado', 'Pato doméstico de plumaje blanco'),
(133, 2, 'Bolt', 'M', 27.60, '2018-11-03', 'No esterilizado', 'Perro protector y obediente'),
(133, 43, 'Nube', 'F', 0.85, '2022-08-21', 'Esterilizado', 'Chinchilla gris muy tranquila'),
(133, 52, 'Merina', 'F', 68.00, '2020-03-15', 'No esterilizado', 'Oveja de lana abundante'),
(134, 5, 'Mora', 'F', 4.70, '2021-01-17', 'Esterilizado', 'Gata negra de ojos amarillos'),

(134, 37, 'Bandido', 'M', 1.60, '2021-09-09', 'No esterilizado', 'Hurón juguetón y activo'),
(134, 57, 'Pluma', 'F', 2.30, '2021-07-28', 'No esterilizado', 'Gallina de plumaje blanco'),
(135, 26, 'Trueno', 'M', 450.00, '2017-06-11', 'No esterilizado', 'Caballo veloz de gran porte'),
(135, 18, 'Capi', 'F', 4.50, '2020-09-25', 'Esterilizado', 'Tortuga tranquila de caparazón oscuro'),
(135, 45, 'Copito', 'M', 0.92, '2022-11-06', 'No esterilizado', 'Chinchilla de pelaje suave'),
(136, 1, 'Rex', 'M', 13.90, '2020-04-14', 'No esterilizado', 'Perro activo de tamaño mediano'),
(136, 19, 'Iggy', 'M', 0.82, '2021-06-03', 'No esterilizado', 'Iguana verde joven'),
(136, 60, 'Toki', 'M', 0.10, '2023-08-19', 'No esterilizado', 'Gecko muy activo y veloz'),
(137, 12, 'Bigotes', 'M', 2.20, '2022-03-29', 'Esterilizado', 'Conejo de pelo corto'),
(137, 32, 'Porky', 'M', 45.00, '2021-10-17', 'No esterilizado', 'Cerdo doméstico muy dócil'),

(137, 56, 'Canela', 'F', 2.50, '2021-12-10', 'No esterilizado', 'Gallina de plumaje rojizo'),
(138, 4, 'Nina', 'F', 4.80, '2020-08-22', 'Esterilizado', 'Gata persa muy tranquila'),
(138, 47, 'Boa', 'F', 1.20, '2021-05-18', 'No esterilizado', 'Boa constrictor joven'),
(138, 49, 'Pekín', 'M', 3.10, '2021-01-26', 'No esterilizado', 'Pato blanco muy sociable'),
(139, 25, 'Tormenta', 'F', 470.00, '2018-01-08', 'No esterilizado', 'Caballo resistente y veloz'),
(139, 36, 'Púa', 'F', 0.42, '2022-04-14', 'No esterilizado', 'Erizo europeo muy curioso'),
(139, 41, 'Miel', 'F', 2.40, '2021-09-07', 'Esterilizado', 'Cobaya de pelaje marrón'),
(140, 7, 'Kiwi', 'M', 0.13, '2023-07-12', 'No esterilizado', 'Ave pequeña de plumaje verde'),
(140, 39, 'Sombra', 'M', 1.40, '2022-05-20', 'No esterilizado', 'Hurón de pelaje oscuro'),
(140, 53, 'Lana', 'F', 70.00, '2019-12-02', 'No esterilizado', 'Oveja de lana blanca abundante'),

(141, 1, 'Max', 'M', 14.20, '2020-05-12', 'No esterilizado', 'Perro activo de tamaño mediano'),
(141, 40, 'Pelusa', 'F', 2.10, '2022-07-18', 'Esterilizado', 'Cobaya blanca de pelo suave'),
(141, 49, 'Donald', 'M', 2.80, '2021-03-22', 'No esterilizado', 'Pato doméstico de plumaje blanco'),
(141, 58, 'Toki', 'M', 0.09, '2023-09-14', 'No esterilizado', 'Gecko muy activo'),
(142, 5, 'Luna', 'F', 5.10, '2020-10-08', 'Esterilizado', 'Gata tranquila de pelo largo'),
(142, 34, 'Spike', 'M', 0.38, '2022-05-03', 'No esterilizado', 'Erizo africano curioso'),
(142, 46, 'Boa', 'F', 1.20, '2021-08-11', 'No esterilizado', 'Serpiente del maíz naranja'),
(142, 53, 'Merina', 'F', 68.00, '2020-02-17', 'No esterilizado', 'Oveja de lana abundante'),
(143, 2, 'Rocky', 'M', 29.40, '2019-07-26', 'No esterilizado', 'Perro protector y obediente'),
(143, 42, 'Canela', 'F', 2.50, '2021-12-14', 'Esterilizado', 'Cobaya de pelaje marrón'),

(143, 50, 'Lucas', 'M', 3.00, '2021-04-07', 'No esterilizado', 'Pato muy sociable'),
(143, 60, 'Cresta', 'F', 0.08, '2023-11-21', 'No esterilizado', 'Gecko de colores llamativos'),
(144, 6, 'Mora', 'F', 4.70, '2021-01-19', 'Esterilizado', 'Gata negra de ojos amarillos'),
(144, 37, 'Bandido', 'M', 1.50, '2022-03-05', 'No esterilizado', 'Hurón juguetón'),
(144, 55, 'Pluma', 'F', 2.40, '2021-09-30', 'No esterilizado', 'Gallina de plumaje blanco'),
(144, 25, 'Relámpago', 'M', 450.00, '2018-06-12', 'No esterilizado', 'Caballo veloz y resistente'),
(145, 3, 'Bruno', 'M', 31.00, '2018-12-02', 'No esterilizado', 'Perro grande y amigable'),
(145, 18, 'Capi', 'F', 4.30, '2020-07-15', 'Esterilizado', 'Tortuga tranquila'),
(145, 43, 'Nube', 'F', 0.92, '2022-09-09', 'Esterilizado', 'Chinchilla gris muy dócil'),
(145, 52, 'Lana', 'F', 72.00, '2019-11-05', 'No esterilizado', 'Oveja de lana espesa'),

(146, 4, 'Nina', 'F', 4.90, '2020-08-20', 'Esterilizado', 'Gata persa tranquila'),
(146, 31, 'Porky', 'M', 44.00, '2021-10-12', 'No esterilizado', 'Cerdo vietnamita dócil'),
(146, 48, 'Sombra', 'M', 1.40, '2021-05-18', 'No esterilizado', 'Pitón real joven'),
(146, 57, 'Canela', 'F', 2.60, '2021-07-03', 'No esterilizado', 'Gallina de plumaje rojizo'),
(147, 7, 'Kiwi', 'M', 0.12, '2023-07-11', 'No esterilizado', 'Ave pequeña de plumaje verde'),
(147, 36, 'Púa', 'F', 0.40, '2022-01-28', 'No esterilizado', 'Erizo europeo activo'),
(147, 51, 'Pekín', 'M', 3.10, '2021-03-09', 'No esterilizado', 'Pato doméstico blanco'),
(147, 59, 'Tokay', 'M', 0.10, '2023-10-15', 'No esterilizado', 'Gecko de colores intensos'),
(148, 8, 'Burbuja', 'F', 0.09, '2023-12-20', 'No esterilizado', 'Pez ornamental colorido'),
(148, 38, 'Rex', 'M', 1.60, '2022-02-16', 'No esterilizado', 'Hurón de pelaje oscuro'),

(148, 54, 'Blanca', 'F', 69.00, '2020-05-08', 'No esterilizado', 'Oveja de lana blanca'),
(148, 16, 'Shelly', 'F', 3.90, '2021-04-21', 'Esterilizado', 'Tortuga de orejas rojas'),
(149, 9, 'Coral', 'F', 0.08, '2024-01-07', 'No esterilizado', 'Pez de colores brillantes'),
(149, 35, 'Pincho', 'M', 0.37, '2022-06-02', 'No esterilizado', 'Erizo pequeño y curioso'),
(149, 44, 'Copito', 'M', 0.95, '2022-10-12', 'Esterilizado', 'Chinchilla blanca'),
(149, 27, 'Tormenta', 'F', 480.00, '2017-09-19', 'No esterilizado', 'Caballo de gran porte'),
(150, 10, 'Bigotes', 'M', 2.10, '2022-04-15', 'Esterilizado', 'Conejo blanco de orejas largas'),
(150, 39, 'Lucky', 'M', 1.50, '2022-08-28', 'No esterilizado', 'Hurón muy activo'),
(150, 56, 'Ruby', 'F', 2.30, '2021-11-10', 'No esterilizado', 'Gallina de plumaje rojizo'),
(150, 24, 'Nemo', 'M', 0.10, '2023-08-03', 'No esterilizado', 'Pez ornamental de colores vivos');


insert into veterinario (DUI, nombre, apellidos, telefono, email, direccion, cedula_profesional, salario, fecha_nacimiento_veterinario, id_especialidad) values

('08451237-8','Luis','Ramírez','70110001','luis1@gmail.com','San Salvador','VET-1001',850.50,'1989-04-12',7),
('02147895-3','Ana','Morales','70110002','ana2@hotmail.com','Soyapango','VET-1002',920.75,'1991-09-23',3),
('09753124-6','Carlos','Hernández','70110003','carlos3@outlook.com','Apopa','VET-1003',980.20,'1987-02-15',12),
('05621478-9','María','García','70110004','maria4@yahoo.com','Mejicanos','VET-1004',890.40,'1993-07-08',5),
('01357986-1','José','Flores','70110005','jose5@gmail.com','Santa Tecla','VET-1005',940.80,'1985-11-30',10),
('07894521-7','Lucía','Reyes','70110006','lucia6@hotmail.com','San Miguel','VET-1006',870.00,'1990-06-18',1),
('03426891-4','Diego','Cruz','70110007','diego7@outlook.com','Santa Ana','VET-1007',1010.50,'1988-03-27',15),
('06587124-2','Sofía','Vásquez','70110008','sofia8@yahoo.com','Usulután','VET-1008',915.30,'1992-12-05',8),
('08932475-5','Andrés','Rivas','70110009','andres9@gmail.com','Sonsonate','VET-1009',960.25,'1986-08-14',4),
('04218679-3','Paula','Mendoza','70110010','paula10@hotmail.com','Chalatenango','VET-1010',930.00,'1994-01-21',13),

('07531986-6','Jorge','Aguilar','70110011','jorge11@outlook.com','Cuscatlán','VET-1011',885.15,'1990-10-02',9),
('01864257-1','Valeria','Ortega','70110012','valeria12@yahoo.com','La Libertad','VET-1012',990.45,'1987-05-16',2),
('09357142-8','Fernando','Silva','70110013','fernando13@gmail.com','Ahuachapán','VET-1013',1040.60,'1984-12-09',14),
('02749581-5','Elena','Torres','70110014','elena14@hotmail.com','San Salvador','VET-1014',900.35,'1993-03-28',6),
('06128475-9','Roberto','Molina','70110015','roberto15@outlook.com','Soyapango','VET-1015',945.90,'1989-08-11',11),
('08615724-4','Camila','Herrera','70110016','camila16@yahoo.com','Apopa','VET-1016',920.10,'1995-01-22',3),
('03982461-7','Miguel','Campos','70110017','miguel17@gmail.com','Mejicanos','VET-1017',980.70,'1986-06-30',15),
('05479218-2','Diana','Luna','70110018','diana18@hotmail.com','Santa Tecla','VET-1018',910.00,'1991-11-14',5),
('07264819-6','Ricardo','Peña','70110019','ricardo19@outlook.com','San Miguel','VET-1019',955.85,'1988-04-07',1),
('01597324-8','Natalia','Vega','70110020','natalia20@yahoo.com','Santa Ana','VET-1020',1005.40,'1992-09-19',12),

('08326475-3','Héctor','Romero','70110021','hector21@gmail.com','Usulután','VET-1021',875.25,'1990-02-14',7),
('02479153-9','Isabel','Navarro','70110022','isabel22@hotmail.com','Sonsonate','VET-1022',1030.50,'1986-07-09',14),
('06853197-1','Daniel','Pérez','70110023','daniel23@outlook.com','Chalatenango','VET-1023',970.80,'1992-11-03',4),
('09135728-6','Gabriela','Chávez','70110024','gaby24@yahoo.com','Cuscatlán','VET-1024',925.30,'1988-05-21',10),
('04792861-2','Sergio','Delgado','70110025','sergio25@gmail.com','La Libertad','VET-1025',995.15,'1993-09-17',13),
('05861342-7','Andrea','Castro','70110026','andrea26@hotmail.com','Ahuachapán','VET-1026',940.45,'1987-12-28',8),
('07319584-5','Pablo','Valle','70110027','pablo27@outlook.com','San Salvador','VET-1027',1020.90,'1985-03-10',2),
('01286479-3','Verónica','Ramos','70110028','veronica28@yahoo.com','Soyapango','VET-1028',915.20,'1991-08-26',11),
('08427195-8','Raúl','Estrada','70110029','raul29@gmail.com','Apopa','VET-1029',980.60,'1989-01-15',6),
('03659281-4','Claudia','Mora','70110030','claudia30@hotmail.com','Mejicanos','VET-1030',935.75,'1994-06-04',9),

('07934168-2','Eduardo','Salazar','70110031','eduardo31@gmail.com','Santa Tecla','VET-1031',1050.50,'1987-10-19',15),
('02578416-7','Patricia','Benítez','70110032','patricia32@hotmail.com','San Miguel','VET-1032',1015.80,'1992-03-08',3),
('06492357-1','Iván','Lara','70110033','ivan33@outlook.com','Santa Ana','VET-1033',990.40,'1989-06-27',12),
('08756193-5','Teresa','Cano','70110034','teresa34@yahoo.com','Usulután','VET-1034',1080.25,'1985-12-11',5),
('04317682-9','Óscar','Fuentes','70110035','oscar35@gmail.com','Sonsonate','VET-1035',1035.60,'1991-09-14',1),
('05284179-6','Mónica','Reyna','70110036','monica36@hotmail.com','Chalatenango','VET-1036',965.90,'1993-01-25',10),
('09631842-3','Javier','Núñez','70110037','javier37@outlook.com','Cuscatlán','VET-1037',1045.75,'1988-04-03',14),
('01745398-8','Beatriz','Aguilera','70110038','beatriz38@yahoo.com','La Libertad','VET-1038',985.10,'1994-08-17',7),
('07182645-4','Francisco','Gómez','70110039','francisco39@gmail.com','Ahuachapán','VET-1039',1090.45,'1986-11-29',13),
('02859173-2','Liliana','Moreno','70110040','liliana40@hotmail.com','San Salvador','VET-1040',1025.30,'1990-05-06',11);


insert into consulta (id_mascota, id_veterinario, costo_consulta, descripcion, motivo, estado, fecha_hora_inicio, fecha_hora_finalizar) values

-- mascotas con 1 consulta (140)

(1, 17, 48.75, 'Evaluación física general', 'Chequeo rutinario', 'Finalizada', '2025-03-14 08:15:00', '2025-03-14 09:05:00'),
(2, 5, 125.40, 'Revisión por pérdida de apetito', 'Falta de apetito', 'Finalizada', '2025-04-22 10:30:00', '2025-04-22 12:10:00'),
(3, 29, 875.90, 'Control de crecimiento', 'Seguimiento médico', 'En proceso', '2025-05-18 09:00:00', '2025-05-18 13:30:00'),
(4, 11, 63.25, 'Vacunación anual', 'Vacunación', 'Finalizada', '2025-06-01 14:20:00', '2025-06-01 15:00:00'),
(5, 38, 450.00, 'Tratamiento dermatológico', 'Problemas en la piel', 'Pendiente', '2025-07-11 11:15:00', '2025-07-11 14:45:00'),
(6, 8, 92.60, 'Evaluación digestiva', 'Malestar estomacal', 'Finalizada', '2025-08-03 08:45:00', '2025-08-03 10:20:00'),
(7, 24, 1500.75, 'Atención por lesión leve', 'Golpe accidental', 'Finalizada', '2025-02-17 13:10:00', '2025-02-17 17:45:00'),
(8, 2, 34.90, 'Consulta preventiva', 'Chequeo rutinario', 'Cancelada', '2025-09-09 15:00:00', '2025-09-09 15:45:00'),
(9, 31, 215.30, 'Control nutricional', 'Pérdida de peso', 'Finalizada', '2025-10-12 09:20:00', '2025-10-12 11:10:00'),
(10, 14, 5890.45, 'Evaluación cardiológica', 'Dificultad respiratoria', 'En proceso', '2025-03-28 10:00:00', '2025-03-28 16:30:00'),

(11, 40, 78.15, 'Consulta general', 'Chequeo rutinario', 'Finalizada', '2025-01-21 08:30:00', '2025-01-21 09:15:00'),
(12, 6, 320.80, 'Revisión ocular', 'Irritación ocular', 'Finalizada', '2025-04-10 12:00:00', '2025-04-10 14:20:00'),
(13, 22, 45.00, 'Control postoperatorio', 'Seguimiento médico', 'Pendiente', '2025-05-30 09:00:00', '2025-05-30 10:00:00'),
(14, 10, 710.35, 'Examen físico completo', 'Chequeo rutinario', 'Finalizada', '2025-06-18 15:15:00', '2025-06-18 18:50:00'),
(15, 35, 980.20, 'Evaluación traumatológica', 'Cojera', 'Finalizada', '2025-07-27 08:45:00', '2025-07-27 12:30:00'),
(16, 18, 210.55, 'Consulta digestiva', 'Vómitos', 'En proceso', '2025-08-14 11:00:00', '2025-08-14 15:10:00'),
(17, 3, 64.70, 'Control de peso', 'Seguimiento médico', 'Finalizada', '2025-02-02 10:15:00', '2025-02-02 11:25:00'),
(18, 27, 4700.00, 'Atención de emergencia', 'Accidente menor', 'Finalizada', '2025-09-20 13:00:00', '2025-09-20 19:45:00'),
(19, 13, 84.25, 'Revisión general', 'Chequeo rutinario', 'Cancelada', '2025-10-08 14:10:00', '2025-10-08 15:00:00'),
(20, 37, 555.60, 'Evaluación dermatológica', 'Caída de pelo', 'Finalizada', '2025-03-05 09:30:00', '2025-03-05 12:45:00'),

(21, 20, 125.80, 'Consulta preventiva', 'Chequeo rutinario', 'Finalizada', '2025-04-26 08:00:00', '2025-04-26 09:50:00'),
(22, 9, 3200.40, 'Control de recuperación', 'Seguimiento médico', 'En proceso', '2025-05-19 11:20:00', '2025-05-19 17:30:00'),
(23, 33, 42.90, 'Evaluación física', 'Chequeo rutinario', 'Finalizada', '2025-06-09 10:10:00', '2025-06-09 10:55:00'),
(24, 1, 190.00, 'Revisión de comportamiento', 'Cambios de conducta', 'Pendiente', '2025-07-23 13:45:00', '2025-07-23 16:20:00'),
(25, 26, 890.35, 'Atención especializada', 'Problema neurológico', 'Finalizada', '2025-08-07 09:15:00', '2025-08-07 14:45:00'),
(26, 15, 68.40, 'Consulta general', 'Chequeo rutinario', 'Finalizada', '2025-02-11 08:20:00', '2025-02-11 09:10:00'),
(27, 39, 2750.90, 'Evaluación médica', 'Malestar general', 'Cancelada', '2025-09-16 15:30:00', '2025-09-16 18:30:00'),
(28, 4, 510.75, 'Control de peso', 'Sobrepeso', 'Finalizada', '2025-10-01 11:00:00', '2025-10-01 13:45:00'),
(29, 23, 96.80, 'Chequeo preventivo', 'Chequeo rutinario', 'Finalizada', '2025-03-17 10:40:00', '2025-03-17 11:35:00'),
(30, 12, 7300.50, 'Consulta de emergencia', 'Dificultad respiratoria', 'En proceso', '2025-04-29 12:30:00', '2025-04-29 20:15:00'),

(31, 36, 58.30, 'Revisión general', 'Chequeo rutinario', 'Finalizada', '2025-05-12 08:00:00', '2025-05-12 09:00:00'),
(32, 7, 280.90, 'Evaluación digestiva', 'Diarrea', 'Finalizada', '2025-06-21 09:15:00', '2025-06-21 11:45:00'),
(33, 30, 1350.40, 'Control postoperatorio', 'Seguimiento médico', 'Pendiente', '2025-07-05 13:00:00', '2025-07-05 16:30:00'),
(34, 19, 72.15, 'Consulta general', 'Chequeo rutinario', 'Finalizada', '2025-08-26 10:20:00', '2025-08-26 11:15:00'),
(35, 25, 645.80, 'Evaluación traumatológica', 'Lesión en extremidad', 'Finalizada', '2025-02-08 14:00:00', '2025-02-08 18:10:00'),
(36, 16, 2200.95, 'Atención especializada', 'Problema cardíaco', 'En proceso', '2025-09-13 08:30:00', '2025-09-13 15:45:00'),
(37, 34, 88.40, 'Chequeo preventivo', 'Vacunación', 'Finalizada', '2025-10-19 09:00:00', '2025-10-19 10:20:00'),
(38, 21, 5100.60, 'Consulta médica', 'Dolor persistente', 'Cancelada', '2025-03-22 11:45:00', '2025-03-22 17:30:00'),
(39, 28, 145.25, 'Control nutricional', 'Seguimiento médico', 'Finalizada', '2025-04-14 13:10:00', '2025-04-14 15:00:00'),
(40, 5, 890.70, 'Evaluación física completa', 'Chequeo rutinario', 'Finalizada', '2025-05-25 08:15:00', '2025-05-25 12:50:00'),

(41, 32, 62.90, 'Consulta general', 'Chequeo rutinario', 'Finalizada', '2025-06-16 10:00:00', '2025-06-16 10:50:00'),
(42, 11, 310.55, 'Evaluación digestiva', 'Pérdida de apetito', 'Pendiente', '2025-07-08 12:30:00', '2025-07-08 15:15:00'),
(43, 24, 9400.80, 'Atención especializada', 'Problema neurológico', 'En proceso', '2025-08-27 09:20:00', '2025-08-27 18:00:00'),
(44, 8, 57.40, 'Chequeo preventivo', 'Chequeo rutinario', 'Finalizada', '2025-02-24 08:45:00', '2025-02-24 09:30:00'),
(45, 38, 720.35, 'Control de recuperación', 'Seguimiento médico', 'Finalizada', '2025-09-04 14:10:00', '2025-09-04 18:20:00'),
(46, 2, 180.60, 'Consulta médica', 'Malestar general', 'Cancelada', '2025-10-15 11:00:00', '2025-10-15 13:15:00'),
(47, 29, 3650.20, 'Evaluación física', 'Chequeo rutinario', 'Finalizada', '2025-03-10 08:30:00', '2025-03-10 15:40:00'),
(48, 14, 95.75, 'Consulta preventiva', 'Vacunación', 'Finalizada', '2025-04-20 09:45:00', '2025-04-20 11:05:00'),
(49, 40, 520.90, 'Control de peso', 'Sobrepeso', 'En proceso', '2025-05-07 13:15:00', '2025-05-07 16:50:00'),
(50, 17, 75.30, 'Revisión general', 'Chequeo rutinario', 'Finalizada', '2025-06-30 10:00:00', '2025-06-30 11:10:00'),

(51, 9, 284.75, 'Chequeo preventivo', 'Chequeo rutinario', 'Finalizada', '2025-07-03 08:20:00', '2025-07-03 09:35:00'),
(52, 34, 5280.40, 'Evaluación médica completa', 'Malestar general', 'En proceso', '2025-04-12 10:10:00', '2025-04-12 16:40:00'),
(53, 16, 75.25, 'Control nutricional', 'Pérdida de peso', 'Finalizada', '2025-09-08 09:00:00', '2025-09-08 10:05:00'),
(54, 27, 1320.60, 'Consulta dermatológica', 'Irritación en la piel', 'Pendiente', '2025-03-21 13:15:00', '2025-03-21 17:30:00'),
(55, 3, 48.90, 'Consulta general', 'Chequeo rutinario', 'Finalizada', '2025-05-17 08:30:00', '2025-05-17 09:20:00'),
(56, 38, 865.35, 'Control de recuperación', 'Seguimiento médico', 'Finalizada', '2025-10-02 14:00:00', '2025-10-02 17:15:00'),
(57, 12, 2590.80, 'Evaluación traumatológica', 'Lesión en extremidad', 'Cancelada', '2025-06-14 11:20:00', '2025-06-14 15:10:00'),
(58, 21, 92.45, 'Vacunación anual', 'Vacunación', 'Finalizada', '2025-08-27 10:00:00', '2025-08-27 11:00:00'),
(59, 5, 6700.20, 'Atención especializada', 'Problema neurológico', 'En proceso', '2025-02-19 08:15:00', '2025-02-19 17:45:00'),
(60, 31, 210.50, 'Consulta preventiva', 'Chequeo rutinario', 'Finalizada', '2025-11-05 09:40:00', '2025-11-05 11:25:00'),

(61, 18, 540.75, 'Evaluación digestiva', 'Vómitos frecuentes', 'Finalizada', '2025-04-30 12:10:00', '2025-04-30 15:20:00'),
(62, 40, 85.60, 'Revisión médica', 'Chequeo rutinario', 'Cancelada', '2025-07-22 08:00:00', '2025-07-22 08:50:00'),
(63, 7, 3900.95, 'Atención de emergencia', 'Accidente menor', 'Finalizada', '2025-09-11 13:20:00', '2025-09-11 19:10:00'),
(64, 25, 125.40, 'Control de peso', 'Sobrepeso', 'Pendiente', '2025-03-09 10:30:00', '2025-03-09 12:10:00'),
(65, 14, 780.35, 'Evaluación física', 'Chequeo rutinario', 'Finalizada', '2025-05-01 09:15:00', '2025-05-01 13:45:00'),
(66, 36, 62.80, 'Consulta general', 'Chequeo rutinario', 'Finalizada', '2025-08-18 14:10:00', '2025-08-18 15:00:00'),
(67, 2, 2180.50, 'Control postoperatorio', 'Seguimiento médico', 'En proceso', '2025-06-06 11:00:00', '2025-06-06 17:20:00'),
(68, 29, 97.30, 'Vacunación', 'Vacunación anual', 'Finalizada', '2025-10-13 08:45:00', '2025-10-13 10:00:00'),
(69, 11, 640.20, 'Consulta médica', 'Dolor persistente', 'Finalizada', '2025-02-25 12:30:00', '2025-02-25 15:40:00'),
(70, 23, 4890.75, 'Evaluación cardiológica', 'Dificultad respiratoria', 'Pendiente', '2025-09-29 09:10:00', '2025-09-29 16:55:00'),

(71, 8, 54.60, 'Chequeo preventivo', 'Chequeo rutinario', 'Finalizada', '2025-04-16 08:20:00', '2025-04-16 09:05:00'),
(72, 39, 930.40, 'Consulta especializada', 'Problema ocular', 'En proceso', '2025-07-07 10:40:00', '2025-07-07 14:50:00'),
(73, 15, 315.80, 'Control nutricional', 'Seguimiento médico', 'Finalizada', '2025-11-11 13:15:00', '2025-11-11 15:20:00'),
(74, 28, 7450.25, 'Atención especializada', 'Problema neurológico', 'Cancelada', '2025-05-24 08:00:00', '2025-05-24 18:30:00'),
(75, 4, 72.15, 'Consulta general', 'Chequeo rutinario', 'Finalizada', '2025-03-18 09:20:00', '2025-03-18 10:10:00'),
(76, 35, 1590.60, 'Evaluación traumatológica', 'Golpe accidental', 'Finalizada', '2025-08-09 11:30:00', '2025-08-09 16:45:00'),
(77, 17, 88.90, 'Vacunación anual', 'Vacunación', 'Finalizada', '2025-06-01 10:10:00', '2025-06-01 11:20:00'),
(78, 24, 420.75, 'Consulta digestiva', 'Malestar estomacal', 'Pendiente', '2025-09-15 12:40:00', '2025-09-15 15:10:00'),
(79, 1, 5800.40, 'Atención médica avanzada', 'Problema cardíaco', 'En proceso', '2025-02-11 08:30:00', '2025-02-11 17:15:00'),
(80, 30, 145.25, 'Control preventivo', 'Chequeo rutinario', 'Finalizada', '2025-10-27 09:00:00', '2025-10-27 10:30:00'),

(81, 19, 860.35, 'Consulta médica', 'Malestar general', 'Finalizada', '2025-05-05 13:00:00', '2025-05-05 16:50:00'),
(82, 6, 52.40, 'Chequeo rutinario', 'Chequeo rutinario', 'Finalizada', '2025-07-14 08:15:00', '2025-07-14 09:00:00'),
(83, 37, 3200.90, 'Atención de emergencia', 'Accidente menor', 'Cancelada', '2025-11-02 14:20:00', '2025-11-02 19:40:00'),
(84, 13, 98.75, 'Vacunación', 'Vacunación anual', 'Finalizada', '2025-04-28 10:30:00', '2025-04-28 11:40:00'),
(85, 22, 740.20, 'Evaluación dermatológica', 'Caída de pelo', 'Pendiente', '2025-09-21 11:00:00', '2025-09-21 14:30:00'),
(86, 10, 2680.45, 'Consulta especializada', 'Problema interno', 'En proceso', '2025-03-03 08:45:00', '2025-03-03 15:25:00'),
(87, 40, 65.90, 'Consulta general', 'Chequeo rutinario', 'Finalizada', '2025-06-22 09:10:00', '2025-06-22 10:05:00'),
(88, 27, 510.60, 'Control de recuperación', 'Seguimiento médico', 'Finalizada', '2025-08-30 13:20:00', '2025-08-30 16:10:00'),
(89, 5, 8950.30, 'Atención avanzada', 'Problema neurológico', 'Pendiente', '2025-10-08 10:00:00', '2025-10-08 19:30:00'),
(90, 33, 170.80, 'Chequeo preventivo', 'Chequeo rutinario', 'Finalizada', '2025-02-17 08:20:00', '2025-02-17 10:00:00'),

(91, 16, 630.45, 'Consulta digestiva', 'Diarrea', 'Finalizada', '2025-05-13 12:00:00', '2025-05-13 15:20:00'),
(92, 26, 83.20, 'Vacunación anual', 'Vacunación', 'Cancelada', '2025-07-29 09:30:00', '2025-07-29 10:20:00'),
(93, 9, 2800.75, 'Control médico', 'Seguimiento médico', 'En proceso', '2025-11-19 11:10:00', '2025-11-19 17:30:00'),
(94, 32, 115.90, 'Consulta preventiva', 'Chequeo rutinario', 'Finalizada', '2025-04-04 08:00:00', '2025-04-04 09:50:00'),
(95, 12, 960.60, 'Evaluación física', 'Malestar general', 'Finalizada', '2025-08-12 10:40:00', '2025-08-12 14:15:00'),
(96, 21, 58.45, 'Chequeo rutinario', 'Chequeo rutinario', 'Finalizada', '2025-03-27 13:00:00', '2025-03-27 13:50:00'),
(97, 38, 3700.20, 'Atención especializada', 'Problema cardíaco', 'Pendiente', '2025-09-06 08:15:00', '2025-09-06 16:40:00'),
(98, 3, 145.75, 'Consulta médica', 'Dolor persistente', 'Finalizada', '2025-06-18 09:20:00', '2025-06-18 11:10:00'),
(99, 35, 820.50, 'Evaluación traumatológica', 'Lesión en extremidad', 'En proceso', '2025-10-25 12:10:00', '2025-10-25 16:55:00'),
(100, 18, 69.80, 'Chequeo preventivo', 'Chequeo rutinario', 'Finalizada', '2025-05-09 08:30:00', '2025-05-09 09:25:00'),

(101, 7, 485.60, 'Consulta general', 'Chequeo rutinario', 'Finalizada', '2025-03-12 08:15:00', '2025-03-12 09:45:00'),
(102, 29, 3250.75, 'Evaluación digestiva', 'Malestar estomacal', 'En proceso', '2025-07-18 10:30:00', '2025-07-18 16:20:00'),
(103, 14, 78.40, 'Vacunación anual', 'Vacunación', 'Finalizada', '2025-05-21 09:00:00', '2025-05-21 10:10:00'),
(104, 36, 920.35, 'Control de recuperación', 'Seguimiento médico', 'Pendiente', '2025-09-03 13:15:00', '2025-09-03 17:30:00'),
(105, 5, 185.20, 'Consulta preventiva', 'Chequeo rutinario', 'Finalizada', '2025-04-09 08:45:00', '2025-04-09 10:25:00'),
(106, 22, 5780.90, 'Atención especializada', 'Problema neurológico', 'Cancelada', '2025-10-14 11:00:00', '2025-10-14 19:10:00'),
(107, 11, 65.75, 'Revisión médica', 'Chequeo rutinario', 'Finalizada', '2025-06-28 10:15:00', '2025-06-28 11:05:00'),
(108, 40, 740.60, 'Evaluación dermatológica', 'Irritación en la piel', 'En proceso', '2025-08-11 14:20:00', '2025-08-11 18:40:00'),
(109, 18, 2450.45, 'Consulta cardiológica', 'Dificultad respiratoria', 'Finalizada', '2025-02-24 09:30:00', '2025-02-24 15:20:00'),
(110, 31, 98.25, 'Control nutricional', 'Pérdida de peso', 'Finalizada', '2025-11-07 08:00:00', '2025-11-07 09:20:00'),

(111, 3, 610.80, 'Consulta médica', 'Malestar general', 'Pendiente', '2025-05-16 12:10:00', '2025-05-16 15:30:00'),
(112, 25, 84.35, 'Chequeo preventivo', 'Chequeo rutinario', 'Finalizada', '2025-03-30 09:45:00', '2025-03-30 10:35:00'),
(113, 9, 4620.70, 'Atención de emergencia', 'Accidente menor', 'En proceso', '2025-09-17 13:00:00', '2025-09-17 20:15:00'),
(114, 34, 155.40, 'Vacunación', 'Vacunación anual', 'Finalizada', '2025-07-02 08:30:00', '2025-07-02 10:00:00'),
(115, 12, 880.55, 'Evaluación física completa', 'Chequeo rutinario', 'Cancelada', '2025-10-29 10:20:00', '2025-10-29 14:45:00'),
(116, 27, 72.90, 'Consulta general', 'Chequeo rutinario', 'Finalizada', '2025-04-22 11:10:00', '2025-04-22 12:00:00'),
(117, 15, 3180.25, 'Atención especializada', 'Problema interno', 'Pendiente', '2025-08-06 08:15:00', '2025-08-06 15:50:00'),
(118, 38, 230.75, 'Control postoperatorio', 'Seguimiento médico', 'Finalizada', '2025-06-15 14:00:00', '2025-06-15 16:10:00'),
(119, 6, 795.40, 'Consulta digestiva', 'Vómitos frecuentes', 'En proceso', '2025-11-12 09:10:00', '2025-11-12 13:30:00'),
(120, 21, 58.60, 'Chequeo rutinario', 'Chequeo rutinario', 'Finalizada', '2025-02-08 08:20:00', '2025-02-08 09:00:00'),

(121, 33, 5400.85, 'Consulta neurológica', 'Convulsiones', 'Finalizada', '2025-05-04 10:00:00', '2025-05-04 18:15:00'),
(122, 10, 125.30, 'Evaluación médica', 'Malestar general', 'Finalizada', '2025-07-25 11:20:00', '2025-07-25 12:50:00'),
(123, 24, 970.45, 'Control de peso', 'Sobrepeso', 'Pendiente', '2025-09-20 13:10:00', '2025-09-20 16:30:00'),
(124, 2, 88.15, 'Vacunación anual', 'Vacunación', 'Finalizada', '2025-03-07 09:00:00', '2025-03-07 10:10:00'),
(125, 39, 2840.60, 'Atención especializada', 'Problema cardíaco', 'En proceso', '2025-10-02 08:45:00', '2025-10-02 15:20:00'),
(126, 17, 175.80, 'Consulta preventiva', 'Chequeo rutinario', 'Finalizada', '2025-06-19 10:30:00', '2025-06-19 12:00:00'),
(127, 30, 650.25, 'Evaluación dermatológica', 'Caída de pelo', 'Cancelada', '2025-08-27 14:10:00', '2025-08-27 17:15:00'),
(128, 8, 93.70, 'Consulta general', 'Chequeo rutinario', 'Finalizada', '2025-04-11 08:15:00', '2025-04-11 09:20:00'),
(129, 35, 7250.50, 'Atención de emergencia', 'Accidente grave', 'Pendiente', '2025-11-18 12:00:00', '2025-11-18 21:10:00'),
(130, 13, 340.90, 'Control de recuperación', 'Seguimiento médico', 'Finalizada', '2025-05-27 09:45:00', '2025-05-27 12:40:00'),

(131, 26, 860.75, 'Consulta digestiva', 'Diarrea', 'En proceso', '2025-07-14 11:00:00', '2025-07-14 14:30:00'),
(132, 4, 69.50, 'Chequeo preventivo', 'Chequeo rutinario', 'Finalizada', '2025-09-09 08:30:00', '2025-09-09 09:25:00'),
(133, 37, 3980.40, 'Atención especializada', 'Problema neurológico', 'Finalizada', '2025-03-25 13:20:00', '2025-03-25 19:40:00'),
(134, 16, 145.60, 'Vacunación', 'Vacunación anual', 'Cancelada', '2025-10-21 10:10:00', '2025-10-21 11:45:00'),
(135, 28, 915.30, 'Evaluación física', 'Chequeo rutinario', 'Pendiente', '2025-06-03 09:15:00', '2025-06-03 13:20:00'),
(136, 1, 57.25, 'Consulta general', 'Chequeo rutinario', 'Finalizada', '2025-08-16 08:00:00', '2025-08-16 08:50:00'),
(137, 32, 2630.90, 'Consulta cardiológica', 'Dificultad respiratoria', 'En proceso', '2025-04-18 12:30:00', '2025-04-18 18:10:00'),
(138, 19, 220.45, 'Control nutricional', 'Seguimiento médico', 'Finalizada', '2025-11-01 10:40:00', '2025-11-01 12:30:00'),
(139, 23, 780.60, 'Evaluación médica', 'Malestar general', 'Finalizada', '2025-05-10 14:00:00', '2025-05-10 17:45:00'),
(140, 40, 82.15, 'Chequeo preventivo', 'Chequeo rutinario', 'Finalizada', '2025-09-28 09:20:00', '2025-09-28 10:15:00'),

-- mascotas con 2 consultas (100)

(141, 12, 95.40, 'Chequeo preventivo', 'Chequeo rutinario', 'Finalizada', '2025-02-10 08:00:00', '2025-02-10 09:10:00'),
(141, 31, 420.75, 'Control de recuperación', 'Seguimiento médico', 'Finalizada', '2025-06-15 10:30:00', '2025-06-15 13:20:00'),
(142, 7, 180.60, 'Consulta digestiva', 'Diarrea', 'Finalizada', '2025-03-08 09:20:00', '2025-03-08 11:00:00'),
(142, 24, 960.25, 'Evaluación médica', 'Malestar general', 'Pendiente', '2025-09-01 14:15:00', '2025-09-01 18:45:00'),
(143, 18, 75.80, 'Vacunación anual', 'Vacunación', 'Finalizada', '2025-01-18 08:40:00', '2025-01-18 09:30:00'),
(143, 39, 2850.50, 'Atención especializada', 'Problema neurológico', 'En proceso', '2025-08-22 12:00:00', '2025-08-22 18:15:00'),
(144, 5, 145.25, 'Consulta general', 'Chequeo rutinario', 'Finalizada', '2025-04-12 10:00:00', '2025-04-12 11:35:00'),
(144, 29, 730.90, 'Evaluación dermatológica', 'Caída de pelo', 'Finalizada', '2025-10-05 13:10:00', '2025-10-05 16:40:00'),
(145, 2, 88.60, 'Vacunación', 'Vacunación anual', 'Finalizada', '2025-02-24 09:00:00', '2025-02-24 10:00:00'),
(145, 17, 5100.75, 'Consulta cardiológica', 'Dificultad respiratoria', 'Pendiente', '2025-11-12 08:30:00', '2025-11-12 17:20:00'),

(146, 34, 205.45, 'Consulta digestiva', 'Vómitos', 'Finalizada', '2025-03-27 11:10:00', '2025-03-27 13:00:00'),
(146, 8, 640.30, 'Control nutricional', 'Seguimiento médico', 'Finalizada', '2025-07-18 14:00:00', '2025-07-18 17:10:00'),
(147, 21, 65.25, 'Chequeo preventivo', 'Chequeo rutinario', 'Finalizada', '2025-01-30 08:15:00', '2025-01-30 09:00:00'),
(147, 40, 1980.90, 'Evaluación física', 'Malestar general', 'En proceso', '2025-09-25 12:20:00', '2025-09-25 18:00:00'),
(148, 13, 170.80, 'Consulta médica', 'Dolor persistente', 'Finalizada', '2025-04-08 10:30:00', '2025-04-08 12:00:00'),
(148, 26, 890.45, 'Control de recuperación', 'Seguimiento médico', 'Finalizada', '2025-08-09 13:45:00', '2025-08-09 17:15:00'),
(149, 4, 55.90, 'Vacunación anual', 'Vacunación', 'Finalizada', '2025-02-15 09:10:00', '2025-02-15 10:00:00'),
(149, 37, 3620.70, 'Atención especializada', 'Problema interno', 'Cancelada', '2025-10-17 11:20:00', '2025-10-17 18:40:00'),
(150, 16, 120.50, 'Consulta general', 'Chequeo rutinario', 'Finalizada', '2025-03-05 08:20:00', '2025-03-05 09:40:00'),
(150, 30, 760.25, 'Evaluación médica', 'Malestar general', 'Pendiente', '2025-07-30 14:10:00', '2025-07-30 17:50:00'),

(151, 1, 95.75, 'Chequeo preventivo', 'Chequeo rutinario', 'Finalizada', '2025-02-11 09:00:00', '2025-02-11 10:10:00'),
(151, 35, 2840.40, 'Consulta especializada', 'Problema cardíaco', 'En proceso', '2025-09-06 12:30:00', '2025-09-06 19:15:00'),
(152, 9, 150.20, 'Control de peso', 'Sobrepeso', 'Finalizada', '2025-04-18 10:20:00', '2025-04-18 12:00:00'),
(152, 22, 6400.85, 'Atención de emergencia', 'Accidente grave', 'Pendiente', '2025-11-03 08:15:00', '2025-11-03 18:25:00'),
(153, 15, 72.40, 'Vacunación anual', 'Vacunación', 'Finalizada', '2025-01-22 08:30:00', '2025-01-22 09:15:00'),
(153, 38, 980.50, 'Consulta digestiva', 'Pérdida de apetito', 'Finalizada', '2025-08-14 13:00:00', '2025-08-14 17:20:00'),
(154, 6, 210.75, 'Consulta médica', 'Malestar general', 'Finalizada', '2025-03-16 10:10:00', '2025-03-16 12:20:00'),
(154, 27, 3150.60, 'Evaluación neurológica', 'Convulsiones', 'En proceso', '2025-10-08 11:30:00', '2025-10-08 18:50:00'),
(155, 20, 80.30, 'Chequeo preventivo', 'Chequeo rutinario', 'Finalizada', '2025-02-06 08:00:00', '2025-02-06 09:00:00'),
(155, 33, 540.80, 'Control postoperatorio', 'Seguimiento médico', 'Finalizada', '2025-07-24 14:20:00', '2025-07-24 17:10:00'),

(156, 11, 165.40, 'Consulta digestiva', 'Diarrea', 'Finalizada', '2025-04-10 09:15:00', '2025-04-10 11:00:00'),
(156, 24, 7200.90, 'Atención especializada', 'Problema cardíaco', 'Pendiente', '2025-11-20 10:40:00', '2025-11-20 20:00:00'),
(157, 3, 58.75, 'Vacunación anual', 'Vacunación', 'Finalizada', '2025-01-14 08:45:00', '2025-01-14 09:30:00'),
(157, 18, 860.25, 'Evaluación física', 'Chequeo rutinario', 'Finalizada', '2025-09-10 13:30:00', '2025-09-10 17:45:00'),
(158, 32, 245.50, 'Consulta médica', 'Dolor persistente', 'Finalizada', '2025-05-07 11:00:00', '2025-05-07 13:10:00'),
(158, 7, 2780.45, 'Atención especializada', 'Problema neurológico', 'En proceso', '2025-10-29 12:20:00', '2025-10-29 18:40:00'),
(159, 14, 90.20, 'Chequeo preventivo', 'Chequeo rutinario', 'Finalizada', '2025-02-20 08:15:00', '2025-02-20 09:20:00'),
(159, 40, 670.30, 'Control nutricional', 'Seguimiento médico', 'Finalizada', '2025-08-01 14:00:00', '2025-08-01 17:15:00'),
(160, 25, 185.60, 'Consulta general', 'Chequeo rutinario', 'Finalizada', '2025-04-02 09:30:00', '2025-04-02 11:10:00'),
(160, 5, 3950.75, 'Evaluación cardiológica', 'Dificultad respiratoria', 'Pendiente', '2025-11-15 11:15:00', '2025-11-15 18:45:00'),

(161, 19, 78.90, 'Vacunación', 'Vacunación anual', 'Finalizada', '2025-03-11 08:20:00', '2025-03-11 09:00:00'),
(161, 36, 1200.50, 'Consulta especializada', 'Problema ocular', 'Finalizada', '2025-09-21 13:00:00', '2025-09-21 17:50:00'),
(162, 8, 210.25, 'Consulta digestiva', 'Vómitos', 'Finalizada', '2025-05-13 10:00:00', '2025-05-13 12:10:00'),
(162, 28, 5200.80, 'Atención de emergencia', 'Accidente grave', 'En proceso', '2025-10-11 12:00:00', '2025-10-11 20:20:00'),
(163, 2, 65.40, 'Chequeo preventivo', 'Chequeo rutinario', 'Finalizada', '2025-01-27 08:30:00', '2025-01-27 09:15:00'),
(163, 31, 980.60, 'Evaluación médica', 'Malestar general', 'Finalizada', '2025-08-25 14:10:00', '2025-08-25 18:30:00'),
(164, 17, 170.90, 'Consulta general', 'Chequeo rutinario', 'Finalizada', '2025-04-20 09:20:00', '2025-04-20 11:00:00'),
(164, 39, 2650.75, 'Consulta cardiológica', 'Dificultad respiratoria', 'Pendiente', '2025-11-08 11:10:00', '2025-11-08 17:40:00'),
(165, 10, 82.15, 'Vacunación anual', 'Vacunación', 'Finalizada', '2025-02-13 08:45:00', '2025-02-13 09:35:00'),
(165, 23, 745.30, 'Control de recuperación', 'Seguimiento médico', 'Finalizada', '2025-09-18 13:20:00', '2025-09-18 17:00:00'),

(166, 4, 115.80, 'Consulta general', 'Chequeo rutinario', 'Finalizada', '2025-03-08 08:15:00', '2025-03-08 09:35:00'),
(166, 28, 2840.50, 'Evaluación médica', 'Malestar general', 'En proceso', '2025-09-14 13:20:00', '2025-09-14 18:10:00'),
(167, 15, 72.45, 'Vacunación anual', 'Vacunación', 'Finalizada', '2025-02-11 09:00:00', '2025-02-11 09:50:00'),
(167, 37, 965.75, 'Control de recuperación', 'Seguimiento médico', 'Finalizada', '2025-08-21 14:00:00', '2025-08-21 17:45:00'),
(168, 22, 210.60, 'Consulta digestiva', 'Vómitos', 'Finalizada', '2025-04-03 10:10:00', '2025-04-03 12:00:00'),
(168, 9, 5180.90, 'Atención especializada', 'Problema neurológico', 'Pendiente', '2025-10-12 11:30:00', '2025-10-12 19:40:00'),
(169, 31, 88.25, 'Chequeo preventivo', 'Chequeo rutinario', 'Finalizada', '2025-01-18 08:30:00', '2025-01-18 09:25:00'),
(169, 12, 740.30, 'Evaluación dermatológica', 'Irritación en la piel', 'Finalizada', '2025-07-28 13:15:00', '2025-07-28 16:50:00'),
(170, 7, 165.90, 'Consulta médica', 'Dolor persistente', 'Finalizada', '2025-05-06 09:20:00', '2025-05-06 11:15:00'),
(170, 40, 3260.45, 'Consulta cardiológica', 'Dificultad respiratoria', 'En proceso', '2025-11-02 12:00:00', '2025-11-02 18:30:00'),
(171, 19, 95.70, 'Control nutricional', 'Pérdida de peso', 'Finalizada', '2025-03-20 10:00:00', '2025-03-20 11:20:00'),

(171, 3, 860.25, 'Evaluación física', 'Chequeo rutinario', 'Finalizada', '2025-09-05 14:10:00', '2025-09-05 18:15:00'),
(172, 26, 240.40, 'Consulta digestiva', 'Diarrea', 'Finalizada', '2025-04-14 08:45:00', '2025-04-14 11:00:00'),
(172, 17, 6920.80, 'Atención de emergencia', 'Accidente grave', 'Pendiente', '2025-10-22 10:30:00', '2025-10-22 20:10:00'),
(173, 8, 58.35, 'Vacunación anual', 'Vacunación', 'Finalizada', '2025-02-07 09:15:00', '2025-02-07 10:00:00'),
(173, 35, 1250.60, 'Consulta especializada', 'Problema ocular', 'Finalizada', '2025-08-17 13:30:00', '2025-08-17 18:00:00'),
(174, 13, 180.75, 'Consulta general', 'Chequeo rutinario', 'Finalizada', '2025-05-11 08:20:00', '2025-05-11 10:00:00'),
(174, 24, 3750.90, 'Evaluación neurológica', 'Convulsiones', 'En proceso', '2025-11-11 11:45:00', '2025-11-11 18:20:00'),
(175, 2, 82.15, 'Chequeo preventivo', 'Chequeo rutinario', 'Finalizada', '2025-01-24 08:00:00', '2025-01-24 08:55:00'),
(175, 30, 945.40, 'Control postoperatorio', 'Seguimiento médico', 'Finalizada', '2025-09-02 14:00:00', '2025-09-02 17:40:00'),
(176, 11, 220.90, 'Consulta médica', 'Malestar general', 'Finalizada', '2025-04-25 10:30:00', '2025-04-25 12:45:00'),

(176, 38, 4820.50, 'Atención especializada', 'Problema cardíaco', 'Pendiente', '2025-10-08 12:20:00', '2025-10-08 19:00:00'),
(177, 21, 65.80, 'Vacunación', 'Vacunación anual', 'Finalizada', '2025-03-13 09:00:00', '2025-03-13 09:50:00'),
(177, 6, 735.20, 'Evaluación médica', 'Malestar general', 'Finalizada', '2025-08-24 13:15:00', '2025-08-24 16:45:00'),
(178, 33, 170.45, 'Control de peso', 'Sobrepeso', 'Finalizada', '2025-05-28 10:10:00', '2025-05-28 12:00:00'),
(178, 14, 2940.75, 'Consulta especializada', 'Problema interno', 'En proceso', '2025-11-19 11:30:00', '2025-11-19 17:50:00'),
(179, 5, 90.60, 'Chequeo preventivo', 'Chequeo rutinario', 'Finalizada', '2025-02-16 08:40:00', '2025-02-16 09:40:00'),
(179, 27, 1180.30, 'Consulta digestiva', 'Pérdida de apetito', 'Finalizada', '2025-09-09 14:20:00', '2025-09-09 18:10:00'),
(180, 16, 205.75, 'Consulta médica', 'Dolor persistente', 'Finalizada', '2025-04-08 09:15:00', '2025-04-08 11:10:00'),
(180, 39, 5630.45, 'Atención avanzada', 'Problema neurológico', 'Pendiente', '2025-10-28 12:00:00', '2025-10-28 20:40:00'),
(181, 1, 75.20, 'Vacunación anual', 'Vacunación', 'Finalizada', '2025-03-05 08:30:00', '2025-03-05 09:15:00'),

(181, 25, 850.60, 'Evaluación física', 'Chequeo rutinario', 'Finalizada', '2025-08-12 13:45:00', '2025-08-12 17:20:00'),
(182, 10, 240.80, 'Consulta digestiva', 'Vómitos', 'Finalizada', '2025-05-15 10:00:00', '2025-05-15 12:20:00'),
(182, 34, 3180.25, 'Consulta cardiológica', 'Dificultad respiratoria', 'En proceso', '2025-11-06 11:10:00', '2025-11-06 18:00:00'),
(183, 18, 95.35, 'Chequeo preventivo', 'Chequeo rutinario', 'Finalizada', '2025-01-29 08:15:00', '2025-01-29 09:20:00'),
(183, 7, 680.90, 'Control nutricional', 'Seguimiento médico', 'Finalizada', '2025-09-15 14:00:00', '2025-09-15 17:15:00'),
(184, 29, 185.40, 'Consulta general', 'Chequeo rutinario', 'Finalizada', '2025-04-19 09:30:00', '2025-04-19 11:20:00'),
(184, 12, 4250.75, 'Atención especializada', 'Problema cardíaco', 'Pendiente', '2025-10-17 12:30:00', '2025-10-17 19:15:00'),
(185, 4, 68.50, 'Vacunación anual', 'Vacunación', 'Finalizada', '2025-02-09 08:45:00', '2025-02-09 09:30:00'),
(185, 36, 970.40, 'Evaluación dermatológica', 'Caída de pelo', 'Finalizada', '2025-08-29 13:20:00', '2025-08-29 17:50:00'),
(186, 22, 225.60, 'Consulta digestiva', 'Diarrea', 'Finalizada', '2025-05-03 10:15:00', '2025-05-03 12:30:00'),

(186, 15, 2840.90, 'Consulta especializada', 'Problema interno', 'En proceso', '2025-11-14 11:45:00', '2025-11-14 18:10:00'),
(187, 8, 84.70, 'Chequeo preventivo', 'Chequeo rutinario', 'Finalizada', '2025-03-22 09:00:00', '2025-03-22 10:00:00'),
(187, 31, 760.25, 'Control de recuperación', 'Seguimiento médico', 'Finalizada', '2025-09-25 14:15:00', '2025-09-25 17:40:00'),
(188, 19, 170.30, 'Consulta médica', 'Malestar general', 'Finalizada', '2025-04-11 08:30:00', '2025-04-11 10:15:00'),
(188, 2, 5940.80, 'Atención de emergencia', 'Accidente grave', 'Pendiente', '2025-10-31 12:00:00', '2025-10-31 21:00:00'),
(189, 27, 92.15, 'Vacunación', 'Vacunación anual', 'Finalizada', '2025-01-20 09:10:00', '2025-01-20 10:00:00'),
(189, 40, 1180.45, 'Evaluación física', 'Chequeo rutinario', 'Finalizada', '2025-08-07 13:30:00', '2025-08-07 18:20:00'),
(190, 13, 235.75, 'Consulta digestiva', 'Pérdida de apetito', 'Finalizada', '2025-05-24 10:20:00', '2025-05-24 12:40:00'),
(190, 21, 3520.60, 'Consulta cardiológica', 'Dificultad respiratoria', 'En proceso', '2025-11-23 11:15:00', '2025-11-23 18:45:00'),

(191, 14, 105.40, 'Consulta general', 'Chequeo rutinario', 'Finalizada', '2025-03-09 08:20:00', '2025-03-09 09:40:00'),
(191, 33, 2780.60, 'Evaluación médica', 'Malestar general', 'En proceso', '2025-09-12 13:10:00', '2025-09-12 18:20:00'),
(192, 5, 82.75, 'Vacunación anual', 'Vacunación', 'Finalizada', '2025-02-14 09:00:00', '2025-02-14 09:55:00'),
(192, 26, 950.40, 'Control de recuperación', 'Seguimiento médico', 'Finalizada', '2025-08-18 14:15:00', '2025-08-18 17:50:00'),
(193, 21, 190.30, 'Consulta digestiva', 'Diarrea', 'Finalizada', '2025-04-05 10:00:00', '2025-04-05 11:50:00'),
(193, 8, 5640.90, 'Atención especializada', 'Problema neurológico', 'Pendiente', '2025-10-20 11:40:00', '2025-10-20 19:45:00'),
(194, 37, 95.60, 'Chequeo preventivo', 'Chequeo rutinario', 'Finalizada', '2025-01-25 08:45:00', '2025-01-25 09:40:00'),
(194, 12, 740.25, 'Evaluación dermatológica', 'Irritación en la piel', 'Finalizada', '2025-07-22 13:20:00', '2025-07-22 16:40:00'),
(195, 3, 175.80, 'Consulta médica', 'Dolor persistente', 'Finalizada', '2025-05-07 09:30:00', '2025-05-07 11:20:00'),
(195, 40, 3250.75, 'Consulta cardiológica', 'Dificultad respiratoria', 'En proceso', '2025-11-05 12:15:00', '2025-11-05 18:40:00'),

(196, 18, 88.90, 'Control nutricional', 'Pérdida de peso', 'Finalizada', '2025-03-17 10:10:00', '2025-03-17 11:25:00'),
(196, 29, 860.50, 'Evaluación física', 'Chequeo rutinario', 'Finalizada', '2025-09-09 14:00:00', '2025-09-09 18:15:00'),
(197, 7, 230.45, 'Consulta digestiva', 'Vómitos', 'Finalizada', '2025-04-21 08:30:00', '2025-04-21 10:45:00'),
(197, 35, 6820.20, 'Atención de emergencia', 'Accidente grave', 'Pendiente', '2025-10-28 10:20:00', '2025-10-28 20:15:00'),
(198, 11, 62.80, 'Vacunación anual', 'Vacunación', 'Finalizada', '2025-02-06 09:15:00', '2025-02-06 10:00:00'),
(198, 24, 1180.40, 'Consulta especializada', 'Problema ocular', 'Finalizada', '2025-08-11 13:45:00', '2025-08-11 18:10:00'),
(199, 31, 185.25, 'Consulta general', 'Chequeo rutinario', 'Finalizada', '2025-05-13 08:20:00', '2025-05-13 10:05:00'),
(199, 15, 3750.80, 'Evaluación neurológica', 'Convulsiones', 'En proceso', '2025-11-13 11:30:00', '2025-11-13 18:20:00'),
(200, 2, 79.50, 'Chequeo preventivo', 'Chequeo rutinario', 'Finalizada', '2025-01-28 08:00:00', '2025-01-28 08:50:00'),
(200, 38, 920.60, 'Control postoperatorio', 'Seguimiento médico', 'Finalizada', '2025-09-02 14:10:00', '2025-09-02 17:40:00'),

(201, 22, 215.75, 'Consulta médica', 'Malestar general', 'Finalizada', '2025-04-27 10:30:00', '2025-04-27 12:45:00'),
(201, 9, 4820.50, 'Atención especializada', 'Problema cardíaco', 'Pendiente', '2025-10-09 12:15:00', '2025-10-09 19:00:00'),
(202, 16, 68.30, 'Vacunación', 'Vacunación anual', 'Finalizada', '2025-03-11 09:10:00', '2025-03-11 10:00:00'),
(202, 27, 710.45, 'Evaluación médica', 'Malestar general', 'Finalizada', '2025-08-24 13:20:00', '2025-08-24 16:45:00'),
(203, 4, 160.80, 'Control de peso', 'Sobrepeso', 'Finalizada', '2025-05-30 10:15:00', '2025-05-30 12:00:00'),
(203, 34, 2940.25, 'Consulta especializada', 'Problema interno', 'En proceso', '2025-11-20 11:20:00', '2025-11-20 17:50:00'),
(204, 19, 86.40, 'Chequeo preventivo', 'Chequeo rutinario', 'Finalizada', '2025-02-18 08:40:00', '2025-02-18 09:35:00'),
(204, 6, 1260.75, 'Consulta digestiva', 'Pérdida de apetito', 'Finalizada', '2025-09-16 14:10:00', '2025-09-16 18:30:00'),
(205, 28, 205.60, 'Consulta médica', 'Dolor persistente', 'Finalizada', '2025-04-10 09:20:00', '2025-04-10 11:30:00'),
(205, 13, 5480.90, 'Atención avanzada', 'Problema neurológico', 'Pendiente', '2025-10-30 12:00:00', '2025-10-30 20:40:00'),

(206, 1, 74.20, 'Vacunación anual', 'Vacunación', 'Finalizada', '2025-03-06 08:30:00', '2025-03-06 09:15:00'),
(206, 39, 845.60, 'Evaluación física', 'Chequeo rutinario', 'Finalizada', '2025-08-13 13:40:00', '2025-08-13 17:15:00'),
(207, 10, 245.80, 'Consulta digestiva', 'Vómitos', 'Finalizada', '2025-05-17 10:00:00', '2025-05-17 12:20:00'),
(207, 20, 3120.40, 'Consulta cardiológica', 'Dificultad respiratoria', 'En proceso', '2025-11-07 11:10:00', '2025-11-07 18:00:00'),
(208, 36, 98.15, 'Chequeo preventivo', 'Chequeo rutinario', 'Finalizada', '2025-01-31 08:15:00', '2025-01-31 09:20:00'),
(208, 5, 680.90, 'Control nutricional', 'Seguimiento médico', 'Finalizada', '2025-09-18 14:00:00', '2025-09-18 17:20:00'),
(209, 23, 175.40, 'Consulta general', 'Chequeo rutinario', 'Finalizada', '2025-04-22 09:30:00', '2025-04-22 11:20:00'),
(209, 30, 4260.80, 'Atención especializada', 'Problema cardíaco', 'Pendiente', '2025-10-18 12:30:00', '2025-10-18 19:10:00'),
(210, 14, 70.60, 'Vacunación anual', 'Vacunación', 'Finalizada', '2025-02-10 08:45:00', '2025-02-10 09:30:00'),
(210, 37, 990.25, 'Evaluación dermatológica', 'Caída de pelo', 'Finalizada', '2025-08-31 13:15:00', '2025-08-31 17:45:00'),

(211, 8, 225.90, 'Consulta digestiva', 'Diarrea', 'Finalizada', '2025-05-05 10:20:00', '2025-05-05 12:35:00'),
(211, 17, 2860.75, 'Consulta especializada', 'Problema interno', 'En proceso', '2025-11-16 11:40:00', '2025-11-16 18:15:00'),
(212, 25, 90.80, 'Chequeo preventivo', 'Chequeo rutinario', 'Finalizada', '2025-03-25 09:00:00', '2025-03-25 10:00:00'),
(212, 2, 760.45, 'Control de recuperación', 'Seguimiento médico', 'Finalizada', '2025-09-27 14:15:00', '2025-09-27 17:40:00'),
(213, 32, 185.30, 'Consulta médica', 'Malestar general', 'Finalizada', '2025-04-14 08:30:00', '2025-04-14 10:15:00'),
(213, 11, 5780.20, 'Atención de emergencia', 'Accidente grave', 'Pendiente', '2025-10-25 12:00:00', '2025-10-25 20:50:00'),
(214, 21, 82.45, 'Vacunación', 'Vacunación anual', 'Finalizada', '2025-01-22 09:15:00', '2025-01-22 10:05:00'),
(214, 40, 1150.60, 'Evaluación física', 'Chequeo rutinario', 'Finalizada', '2025-08-08 13:30:00', '2025-08-08 18:20:00'),
(215, 6, 240.75, 'Consulta digestiva', 'Pérdida de apetito', 'Finalizada', '2025-05-25 10:10:00', '2025-05-25 12:40:00'),
(215, 29, 3480.90, 'Consulta cardiológica', 'Dificultad respiratoria', 'En proceso', '2025-11-25 11:15:00', '2025-11-25 18:45:00'),

(216, 12, 112.45, 'Consulta general', 'Chequeo rutinario', 'Finalizada', '2025-03-12 08:10:00', '2025-03-12 09:30:00'),
(216, 35, 2960.80, 'Evaluación médica', 'Malestar general', 'En proceso', '2025-09-14 13:20:00', '2025-09-14 18:40:00'),
(217, 4, 78.20, 'Vacunación anual', 'Vacunación', 'Finalizada', '2025-02-08 09:00:00', '2025-02-08 09:50:00'),
(217, 28, 850.60, 'Control de recuperación', 'Seguimiento médico', 'Finalizada', '2025-08-22 14:10:00', '2025-08-22 17:30:00'),
(218, 19, 215.30, 'Consulta digestiva', 'Diarrea', 'Finalizada', '2025-04-06 10:20:00', '2025-04-06 12:15:00'),
(218, 7, 6150.90, 'Atención especializada', 'Problema neurológico', 'Pendiente', '2025-10-21 11:45:00', '2025-10-21 20:10:00'),
(219, 31, 92.80, 'Chequeo preventivo', 'Chequeo rutinario', 'Finalizada', '2025-01-19 08:40:00', '2025-01-19 09:35:00'),
(219, 15, 720.40, 'Evaluación dermatológica', 'Irritación en la piel', 'Finalizada', '2025-07-26 13:30:00', '2025-07-26 16:50:00'),
(220, 2, 185.70, 'Consulta médica', 'Dolor persistente', 'Finalizada', '2025-05-09 09:15:00', '2025-05-09 11:10:00'),
(220, 40, 3340.25, 'Consulta cardiológica', 'Dificultad respiratoria', 'En proceso', '2025-11-04 12:10:00', '2025-11-04 18:45:00'),

(221, 23, 88.15, 'Control nutricional', 'Pérdida de peso', 'Finalizada', '2025-03-18 10:00:00', '2025-03-18 11:15:00'),
(221, 9, 960.80, 'Evaluación física', 'Chequeo rutinario', 'Finalizada', '2025-09-11 14:05:00', '2025-09-11 18:20:00'),
(222, 14, 240.50, 'Consulta digestiva', 'Vómitos', 'Finalizada', '2025-04-23 08:45:00', '2025-04-23 11:00:00'),
(222, 33, 7080.40, 'Atención de emergencia', 'Accidente grave', 'Pendiente', '2025-10-29 10:30:00', '2025-10-29 20:30:00'),
(223, 5, 64.90, 'Vacunación anual', 'Vacunación', 'Finalizada', '2025-02-04 09:20:00', '2025-02-04 10:00:00'),
(223, 26, 1240.75, 'Consulta especializada', 'Problema ocular', 'Finalizada', '2025-08-13 13:40:00', '2025-08-13 18:00:00'),
(224, 18, 192.60, 'Consulta general', 'Chequeo rutinario', 'Finalizada', '2025-05-14 08:30:00', '2025-05-14 10:20:00'),
(224, 37, 3820.50, 'Evaluación neurológica', 'Convulsiones', 'En proceso', '2025-11-12 11:20:00', '2025-11-12 18:10:00'),
(225, 11, 82.40, 'Chequeo preventivo', 'Chequeo rutinario', 'Finalizada', '2025-01-30 08:00:00', '2025-01-30 08:55:00'),
(225, 24, 890.25, 'Control postoperatorio', 'Seguimiento médico', 'Finalizada', '2025-09-04 14:00:00', '2025-09-04 17:20:00'),

(226, 30, 228.75, 'Consulta médica', 'Malestar general', 'Finalizada', '2025-04-28 10:15:00', '2025-04-28 12:30:00'),
(226, 8, 4950.80, 'Atención especializada', 'Problema cardíaco', 'Pendiente', '2025-10-10 12:15:00', '2025-10-10 19:15:00'),
(227, 16, 72.60, 'Vacunación', 'Vacunación anual', 'Finalizada', '2025-03-10 09:10:00', '2025-03-10 10:00:00'),
(227, 39, 680.45, 'Evaluación médica', 'Malestar general', 'Finalizada', '2025-08-25 13:20:00', '2025-08-25 16:40:00'),
(228, 3, 168.20, 'Control de peso', 'Sobrepeso', 'Finalizada', '2025-05-31 10:20:00', '2025-05-31 12:05:00'),
(228, 21, 3150.90, 'Consulta especializada', 'Problema interno', 'En proceso', '2025-11-21 11:30:00', '2025-11-21 18:00:00'),
(229, 27, 90.50, 'Chequeo preventivo', 'Chequeo rutinario', 'Finalizada', '2025-02-20 08:45:00', '2025-02-20 09:40:00'),
(229, 6, 1180.60, 'Consulta digestiva', 'Pérdida de apetito', 'Finalizada', '2025-09-17 14:15:00', '2025-09-17 18:25:00'),
(230, 13, 210.40, 'Consulta médica', 'Dolor persistente', 'Finalizada', '2025-04-12 09:10:00', '2025-04-12 11:20:00'),
(230, 34, 5720.25, 'Atención avanzada', 'Problema neurológico', 'Pendiente', '2025-10-31 12:00:00', '2025-10-31 20:50:00'),

(231, 1, 76.80, 'Vacunación anual', 'Vacunación', 'Finalizada', '2025-03-07 08:30:00', '2025-03-07 09:15:00'),
(231, 29, 840.90, 'Evaluación física', 'Chequeo rutinario', 'Finalizada', '2025-08-15 13:35:00', '2025-08-15 17:10:00'),
(232, 20, 252.60, 'Consulta digestiva', 'Vómitos', 'Finalizada', '2025-05-18 10:00:00', '2025-05-18 12:25:00'),
(232, 10, 3360.40, 'Consulta cardiológica', 'Dificultad respiratoria', 'En proceso', '2025-11-08 11:15:00', '2025-11-08 18:05:00'),
(233, 36, 95.30, 'Chequeo preventivo', 'Chequeo rutinario', 'Finalizada', '2025-02-01 08:20:00', '2025-02-01 09:25:00'),
(233, 5, 740.50, 'Control nutricional', 'Seguimiento médico', 'Finalizada', '2025-09-20 14:05:00', '2025-09-20 17:30:00'),
(234, 25, 182.75, 'Consulta general', 'Chequeo rutinario', 'Finalizada', '2025-04-24 09:25:00', '2025-04-24 11:15:00'),
(234, 12, 4480.80, 'Atención especializada', 'Problema cardíaco', 'Pendiente', '2025-10-19 12:40:00', '2025-10-19 19:30:00'),
(235, 7, 68.40, 'Vacunación anual', 'Vacunación', 'Finalizada', '2025-02-12 08:50:00', '2025-02-12 09:35:00'),
(235, 38, 980.60, 'Evaluación dermatológica', 'Caída de pelo', 'Finalizada', '2025-09-01 13:20:00', '2025-09-01 17:45:00'),

(236, 17, 236.20, 'Consulta digestiva', 'Diarrea', 'Finalizada', '2025-05-06 10:10:00', '2025-05-06 12:35:00'),
(236, 2, 2940.75, 'Consulta especializada', 'Problema interno', 'En proceso', '2025-11-17 11:45:00', '2025-11-17 18:20:00'),
(237, 32, 88.90, 'Chequeo preventivo', 'Chequeo rutinario', 'Finalizada', '2025-03-26 09:00:00', '2025-03-26 10:00:00'),
(237, 15, 780.45, 'Control de recuperación', 'Seguimiento médico', 'Finalizada', '2025-09-28 14:20:00', '2025-09-28 17:45:00'),
(238, 22, 195.60, 'Consulta médica', 'Malestar general', 'Finalizada', '2025-04-16 08:35:00', '2025-04-16 10:25:00'),
(238, 40, 5860.20, 'Atención de emergencia', 'Accidente grave', 'Pendiente', '2025-10-26 12:00:00', '2025-10-26 21:00:00'),
(239, 4, 84.30, 'Vacunación', 'Vacunación anual', 'Finalizada', '2025-01-23 09:10:00', '2025-01-23 10:00:00'),
(239, 27, 1120.50, 'Evaluación física', 'Chequeo rutinario', 'Finalizada', '2025-08-09 13:25:00', '2025-08-09 18:15:00'),
(240, 31, 245.80, 'Consulta digestiva', 'Pérdida de apetito', 'Finalizada', '2025-05-27 10:15:00', '2025-05-27 12:45:00'),
(240, 11, 3620.90, 'Consulta cardiológica', 'Dificultad respiratoria', 'En proceso', '2025-11-26 11:20:00', '2025-11-26 18:50:00'),

-- mascotas con 3 consultas (60)

(241, 8, 95.40, 'Chequeo preventivo', 'Chequeo rutinario', 'Finalizada', '2025-01-15 08:00:00', '2025-01-15 09:10:00'),
(241, 27, 850.75, 'Control de recuperación', 'Seguimiento médico', 'Finalizada', '2025-05-22 13:20:00', '2025-05-22 16:10:00'),
(241, 39, 4250.90, 'Atención especializada', 'Problema cardíaco', 'Pendiente', '2025-10-08 11:30:00', '2025-10-08 19:20:00'),
(242, 14, 120.60, 'Consulta general', 'Chequeo rutinario', 'Finalizada', '2025-02-11 09:15:00', '2025-02-11 10:40:00'),
(242, 32, 980.25, 'Evaluación médica', 'Malestar general', 'Finalizada', '2025-06-14 14:00:00', '2025-06-14 17:20:00'),
(242, 5, 3180.80, 'Consulta neurológica', 'Convulsiones', 'En proceso', '2025-11-18 12:15:00', '2025-11-18 18:50:00'),
(243, 21, 75.20, 'Vacunación anual', 'Vacunación', 'Finalizada', '2025-01-27 08:30:00', '2025-01-27 09:15:00'),
(243, 10, 720.45, 'Control nutricional', 'Seguimiento médico', 'Finalizada', '2025-07-05 13:10:00', '2025-07-05 16:30:00'),
(243, 35, 5820.60, 'Atención de emergencia', 'Accidente grave', 'Pendiente', '2025-10-26 10:45:00', '2025-10-26 20:15:00'),
(244, 3, 185.80, 'Consulta digestiva', 'Diarrea', 'Finalizada', '2025-03-08 09:00:00', '2025-03-08 11:00:00'),

(244, 26, 1160.30, 'Evaluación física', 'Chequeo rutinario', 'Finalizada', '2025-08-11 14:20:00', '2025-08-11 18:10:00'),
(244, 17, 2750.90, 'Consulta cardiológica', 'Dificultad respiratoria', 'En proceso', '2025-11-09 12:00:00', '2025-11-09 18:20:00'),
(245, 12, 88.40, 'Chequeo preventivo', 'Chequeo rutinario', 'Finalizada', '2025-02-18 08:10:00', '2025-02-18 09:05:00'),
(245, 40, 640.75, 'Control postoperatorio', 'Seguimiento médico', 'Finalizada', '2025-06-28 13:40:00', '2025-06-28 16:15:00'),
(245, 7, 4680.25, 'Atención especializada', 'Problema neurológico', 'Pendiente', '2025-10-30 11:20:00', '2025-10-30 19:40:00'),
(246, 19, 210.50, 'Consulta médica', 'Malestar general', 'Finalizada', '2025-04-14 10:00:00', '2025-04-14 12:15:00'),
(246, 29, 890.60, 'Evaluación dermatológica', 'Caída de pelo', 'Finalizada', '2025-07-22 14:10:00', '2025-07-22 17:20:00'),
(246, 4, 3520.80, 'Consulta especializada', 'Problema interno', 'En proceso', '2025-11-15 11:45:00', '2025-11-15 18:30:00'),
(247, 31, 68.90, 'Vacunación anual', 'Vacunación', 'Finalizada', '2025-01-20 08:45:00', '2025-01-20 09:30:00'),
(247, 15, 780.40, 'Control de peso', 'Sobrepeso', 'Finalizada', '2025-05-30 13:15:00', '2025-05-30 16:45:00'),

(247, 38, 6240.50, 'Atención de emergencia', 'Accidente grave', 'Pendiente', '2025-10-19 10:30:00', '2025-10-19 20:00:00'),
(248, 6, 165.75, 'Consulta digestiva', 'Vómitos', 'Finalizada', '2025-03-25 09:20:00', '2025-03-25 11:10:00'),
(248, 24, 1320.90, 'Evaluación médica', 'Malestar general', 'Finalizada', '2025-08-02 14:30:00', '2025-08-02 18:40:00'),
(248, 11, 2940.25, 'Consulta cardiológica', 'Dificultad respiratoria', 'En proceso', '2025-11-25 12:10:00', '2025-11-25 18:50:00'),
(249, 2, 92.30, 'Chequeo preventivo', 'Chequeo rutinario', 'Finalizada', '2025-02-09 08:15:00', '2025-02-09 09:20:00'),
(249, 34, 860.75, 'Control de recuperación', 'Seguimiento médico', 'Finalizada', '2025-06-18 13:00:00', '2025-06-18 16:20:00'),
(249, 18, 4120.60, 'Atención especializada', 'Problema cardíaco', 'Pendiente', '2025-10-12 11:30:00', '2025-10-12 19:10:00'),
(250, 23, 145.60, 'Consulta general', 'Chequeo rutinario', 'Finalizada', '2025-03-17 09:10:00', '2025-03-17 10:45:00'),
(250, 9, 1180.40, 'Evaluación física', 'Chequeo rutinario', 'Finalizada', '2025-07-14 14:20:00', '2025-07-14 17:50:00'),
(250, 37, 5360.90, 'Consulta especializada', 'Problema neurológico', 'En proceso', '2025-11-21 12:00:00', '2025-11-21 19:20:00'),

(251, 13, 108.50, 'Chequeo preventivo', 'Chequeo rutinario', 'Finalizada', '2025-01-18 08:10:00', '2025-01-18 09:20:00'),
(251, 28, 940.75, 'Control de recuperación', 'Seguimiento médico', 'Finalizada', '2025-06-09 13:15:00', '2025-06-09 16:30:00'),
(251, 40, 4860.90, 'Atención especializada', 'Problema cardíaco', 'Pendiente', '2025-10-14 11:40:00', '2025-10-14 19:30:00'),
(252, 5, 126.80, 'Consulta general', 'Chequeo rutinario', 'Finalizada', '2025-02-22 09:00:00', '2025-02-22 10:35:00'),
(252, 31, 1150.40, 'Evaluación médica', 'Malestar general', 'Finalizada', '2025-07-01 14:00:00', '2025-07-01 17:45:00'),
(252, 16, 3280.60, 'Consulta neurológica', 'Convulsiones', 'En proceso', '2025-11-20 12:20:00', '2025-11-20 19:00:00'),
(253, 22, 82.40, 'Vacunación anual', 'Vacunación', 'Finalizada', '2025-01-29 08:30:00', '2025-01-29 09:20:00'),
(253, 8, 780.90, 'Control nutricional', 'Seguimiento médico', 'Finalizada', '2025-06-20 13:10:00', '2025-06-20 16:40:00'),
(253, 35, 6240.75, 'Atención de emergencia', 'Accidente grave', 'Pendiente', '2025-10-28 10:30:00', '2025-10-28 20:10:00'),
(254, 3, 198.60, 'Consulta digestiva', 'Diarrea', 'Finalizada', '2025-03-11 09:15:00', '2025-03-11 11:20:00'),

(254, 27, 1380.50, 'Evaluación física', 'Chequeo rutinario', 'Finalizada', '2025-08-05 14:10:00', '2025-08-05 18:20:00'),
(254, 11, 2850.80, 'Consulta cardiológica', 'Dificultad respiratoria', 'En proceso', '2025-11-11 12:00:00', '2025-11-11 18:30:00'),
(255, 18, 96.75, 'Chequeo preventivo', 'Chequeo rutinario', 'Finalizada', '2025-02-15 08:20:00', '2025-02-15 09:25:00'),
(255, 39, 720.60, 'Control postoperatorio', 'Seguimiento médico', 'Finalizada', '2025-07-08 13:40:00', '2025-07-08 16:20:00'),
(255, 6, 4520.25, 'Atención especializada', 'Problema neurológico', 'Pendiente', '2025-10-31 11:10:00', '2025-10-31 19:50:00'),
(256, 24, 228.90, 'Consulta médica', 'Malestar general', 'Finalizada', '2025-04-19 10:00:00', '2025-04-19 12:20:00'),
(256, 14, 960.80, 'Evaluación dermatológica', 'Caída de pelo', 'Finalizada', '2025-08-14 14:20:00', '2025-08-14 17:40:00'),
(256, 33, 3740.60, 'Consulta especializada', 'Problema interno', 'En proceso', '2025-11-17 11:50:00', '2025-11-17 18:40:00'),
(257, 1, 72.30, 'Vacunación anual', 'Vacunación', 'Finalizada', '2025-01-24 08:40:00', '2025-01-24 09:25:00'),
(257, 29, 860.50, 'Control de peso', 'Sobrepeso', 'Finalizada', '2025-06-02 13:20:00', '2025-06-02 16:50:00'),

(257, 37, 6480.90, 'Atención de emergencia', 'Accidente grave', 'Pendiente', '2025-10-21 10:20:00', '2025-10-21 20:20:00'),
(258, 10, 182.40, 'Consulta digestiva', 'Vómitos', 'Finalizada', '2025-03-28 09:30:00', '2025-03-28 11:30:00'),
(258, 21, 1450.75, 'Evaluación médica', 'Malestar general', 'Finalizada', '2025-08-10 14:30:00', '2025-08-10 18:30:00'),
(258, 4, 3180.25, 'Consulta cardiológica', 'Dificultad respiratoria', 'En proceso', '2025-11-26 12:10:00', '2025-11-26 19:00:00'),
(259, 17, 104.60, 'Chequeo preventivo', 'Chequeo rutinario', 'Finalizada', '2025-02-11 08:15:00', '2025-02-11 09:30:00'),
(259, 32, 980.40, 'Control de recuperación', 'Seguimiento médico', 'Finalizada', '2025-07-17 13:00:00', '2025-07-17 16:20:00'),
(259, 12, 4280.80, 'Atención especializada', 'Problema cardíaco', 'Pendiente', '2025-10-16 11:40:00', '2025-10-16 19:20:00'),
(260, 7, 158.20, 'Consulta general', 'Chequeo rutinario', 'Finalizada', '2025-03-20 09:00:00', '2025-03-20 10:40:00'),
(260, 25, 1240.90, 'Evaluación física', 'Chequeo rutinario', 'Finalizada', '2025-08-22 14:10:00', '2025-08-22 17:50:00'),
(260, 38, 5920.50, 'Consulta especializada', 'Problema neurológico', 'En proceso', '2025-11-23 12:00:00', '2025-11-23 19:10:00');


insert into diagnostico (id_consulta, detalle, gravedad, fecha_emision) values

(7, 'Chequeo general sin complicaciones', 'Leve', '2025-01-08'),
(14, 'Inflamación leve controlada', 'Moderado', '2025-01-15'),
(23, 'Infección respiratoria en tratamiento', 'Grave', '2025-02-02'),
(5, 'Paciente en estado crítico estabilizado', 'Critico', '2025-02-18'),
(23, 'Control rutinario sin hallazgos', 'Leve', '2025-03-01'),
(42, 'Gastroenteritis moderada', 'Moderado', '2025-03-10'),
(18, 'Fractura en recuperación', 'Grave', '2025-03-22'),
(60, 'Paciente estable', 'Leve', '2025-04-05'),
(11, 'Emergencia respiratoria controlada', 'Critico', '2025-04-19'),
(27, 'Dermatitis leve', 'Leve', '2025-05-03'),

(9, 'Infección cutánea moderada', 'Moderado', '2025-05-17'),
(88, 'Trauma interno en observación', 'Grave', '2025-05-28'),
(3, 'Paro cardiorrespiratorio estabilizado', 'Critico', '2025-06-04'),
(55, 'Chequeo sin alteraciones', 'Leve', '2025-06-15'),
(73, 'Problemas digestivos leves', 'Moderado', '2025-06-27'),
(21, 'Fractura compleja en tratamiento', 'Grave', '2025-07-06'),
(64, 'Control rutinario normal', 'Leve', '2025-07-18'),
(90, 'Emergencia crítica estabilizada', 'Critico', '2025-07-30'),
(16, 'Inflamación articular moderada', 'Moderado', '2025-08-08'),
(88, 'Infección severa en tratamiento', 'Grave', '2025-08-19'),

(2, 'Paciente sin síntomas relevantes', 'Leve', '2025-08-28'),
(45, 'Gastritis moderada', 'Moderado', '2025-09-05'),
(82, 'Falla cardíaca crítica', 'Critico', '2025-09-14'),
(28, 'Lesión leve en recuperación', 'Leve', '2025-09-22'),
(66, 'Infección bacteriana moderada', 'Grave', '2025-10-01'),
(13, 'Control general estable', 'Leve', '2025-10-09'),
(59, 'Emergencia neurológica crítica', 'Critico', '2025-10-18'),
(24, 'Inflamación interna moderada', 'Moderado', '2025-10-26'),
(95, 'Paciente estable', 'Leve', '2025-11-03'),
(39, 'Trauma moderado en seguimiento', 'Grave', '2025-11-11'),

(64, 'Paciente crítico en observación', 'Critico', '2025-11-19'),
(50, 'Infección leve controlada', 'Leve', '2025-11-27'),
(95, 'Gastroenteritis moderada', 'Moderado', '2025-12-04'),
(17, 'Fractura en recuperación', 'Grave', '2025-12-12'),
(84, 'Estado estable sin complicaciones', 'Leve', '2025-12-20'),
(10, 'Shock séptico crítico', 'Critico', '2025-12-28'),
(33, 'Irritación leve', 'Leve', '2026-01-05'),
(58, 'Infección moderada en tratamiento', 'Moderado', '2026-01-12'),
(95, 'Trauma grave controlado', 'Grave', '2026-01-19'),
(2, 'Emergencia crítica estabilizada', 'Critico', '2026-01-26'),

(41, 'Estado general bueno', 'Leve', '2026-02-02'),
(70, 'Dolor abdominal moderado', 'Moderado', '2026-02-09'),
(99, 'Hemorragia interna grave', 'Grave', '2026-02-16'),
(12, 'Falla orgánica crítica', 'Critico', '2026-02-23'),
(25, 'Control rutinario normal', 'Leve', '2026-03-01'),
(36, 'Control post-tratamiento sin complicaciones', 'Leve', '2026-03-08'),
(52, 'Inflamación leve en mejora', 'Moderado', '2026-03-12'),
(73, 'Infección severa bajo control parcial', 'Grave', '2026-03-15'),
(2, 'Emergencia crítica estabilizada', 'Critico', '2026-03-18'),
(64, 'Paciente estable en observación', 'Leve', '2026-03-21'),

(118, 'Emergencia crítica estabilizada', 'Critico', '2025-03-15'),
(105, 'Control rutinario normal', 'Leve', '2025-01-22'),
(132, 'Infección leve controlada', 'Leve', '2025-05-10'),
(149, 'Lesión leve en recuperación', 'Leve', '2025-07-17'),
(113, 'Paro cardiorrespiratorio estabilizado', 'Critico', '2025-02-23'),
(126, 'Control general estable', 'Leve', '2025-04-16'),
(107, 'Fractura en recuperación', 'Grave', '2025-01-30'),
(141, 'Estado general bueno', 'Leve', '2025-06-15'),
(120, 'Infección severa en tratamiento', 'Grave', '2025-03-23'),
(101, 'Chequeo general sin hallazgos', 'Leve', '2025-01-06'),

(118, 'Emergencia crítica estabilizada', 'Critico', '2025-03-16'),
(134, 'Fractura en recuperación', 'Grave', '2025-05-18'),
(110, 'Dermatitis leve', 'Leve', '2025-02-11'),
(122, 'Gastritis moderada', 'Moderado', '2025-03-31'),
(145, 'Control rutinario normal', 'Leve', '2025-07-01'),
(118, 'Emergencia crítica estabilizada', 'Critico', '2025-03-18'),
(109, 'Emergencia respiratoria controlada', 'Critico', '2025-02-07'),
(130, 'Trauma moderado en seguimiento', 'Grave', '2025-05-02'),
(115, 'Problemas digestivos leves', 'Moderado', '2025-03-03'),
(104, 'Paciente crítico estabilizado', 'Critico', '2025-01-18'),

(142, 'Dolor abdominal moderado', 'Moderado', '2025-06-19'),
(116, 'Fractura compleja en tratamiento', 'Grave', '2025-03-07'),
(121, 'Paciente sin síntomas relevantes', 'Leve', '2025-03-27'),
(129, 'Paciente estable', 'Leve', '2025-04-28'),
(103, 'Infección respiratoria en tratamiento', 'Grave', '2025-01-14'),
(147, 'Infección moderada en observación', 'Moderado', '2025-07-09'),
(112, 'Trauma interno en observación', 'Grave', '2025-02-19'),
(135, 'Estado estable sin complicaciones', 'Leve', '2025-05-22'),
(118, 'Emergencia crítica estabilizada', 'Critico', '2025-03-20'),
(140, 'Emergencia crítica estabilizada', 'Critico', '2025-06-11'),

(108, 'Paciente estable sin síntomas', 'Leve', '2025-02-03'),
(123, 'Falla cardíaca crítica', 'Critico', '2025-04-04'),
(128, 'Inflamación interna moderada', 'Moderado', '2025-04-24'),
(150, 'Fractura grave en tratamiento', 'Grave', '2025-07-21'),
(111, 'Infección cutánea moderada', 'Moderado', '2025-02-15'),
(118, 'Emergencia crítica estabilizada', 'Critico', '2025-03-21'),
(125, 'Infección bacteriana moderada', 'Grave', '2025-04-12'),
(144, 'Falla orgánica crítica', 'Critico', '2025-06-27'),
(119, 'Inflamación articular moderada', 'Moderado', '2025-03-19'),
(106, 'Gastroenteritis moderada', 'Moderado', '2025-01-26'),

(131, 'Paciente crítico en observación', 'Critico', '2025-05-06'),
(138, 'Infección moderada en tratamiento', 'Moderado', '2025-06-03'),
(146, 'Inflamación leve controlada', 'Leve', '2025-07-05'),
(102, 'Inflamación leve controlada', 'Moderado', '2025-01-10'),
(139, 'Trauma grave controlado', 'Grave', '2025-06-07'),
(114, 'Chequeo sin alteraciones', 'Leve', '2025-02-27'),
(117, 'Control rutinario normal', 'Leve', '2025-03-11'),
(127, 'Emergencia neurológica crítica', 'Critico', '2025-04-20'),
(133, 'Gastroenteritis moderada', 'Moderado', '2025-05-14'),
(148, 'Emergencia crítica estabilizada', 'Critico', '2025-07-13'),

(257, 'Chequeo general sin hallazgos', 'Leve', '2025-01-04'),
(201, 'Inflamación leve controlada', 'Moderado', '2025-01-08'),
(299, 'Infección respiratoria en tratamiento', 'Grave', '2025-01-12'),
(220, 'Paciente crítico estabilizado', 'Critico', '2025-01-16'),
(245, 'Control rutinario normal', 'Leve', '2025-01-20'),
(278, 'Gastroenteritis moderada', 'Moderado', '2025-01-24'),
(210, 'Fractura en recuperación', 'Grave', '2025-01-28'),
(265, 'Paciente estable sin síntomas', 'Leve', '2025-02-01'),
(230, 'Emergencia respiratoria controlada', 'Critico', '2025-02-05'),
(294, 'Dermatitis leve', 'Leve', '2025-02-09'),

(203, 'Infección cutánea moderada', 'Moderado', '2025-02-13'),
(288, 'Trauma interno en observación', 'Grave', '2025-02-17'),
(241, 'Paro cardiorrespiratorio estabilizado', 'Critico', '2025-02-21'),
(212, 'Chequeo sin alteraciones', 'Leve', '2025-02-25'),
(275, 'Problemas digestivos leves', 'Moderado', '2025-03-01'),
(298, 'Fractura compleja en tratamiento', 'Grave', '2025-03-05'),
(206, 'Control rutinario normal', 'Leve', '2025-03-09'),
(260, 'Emergencia crítica estabilizada', 'Critico', '2025-03-13'),
(233, 'Inflamación articular moderada', 'Moderado', '2025-03-17'),
(219, 'Infección severa en tratamiento', 'Grave', '2025-03-21'),

(251, 'Paciente sin síntomas relevantes', 'Leve', '2025-03-25'),
(270, 'Gastritis moderada', 'Moderado', '2025-03-29'),
(207, 'Falla cardíaca crítica', 'Critico', '2025-04-02'),
(289, 'Lesión leve en recuperación', 'Leve', '2025-04-06'),
(236, 'Infección bacteriana moderada', 'Grave', '2025-04-10'),
(214, 'Control general estable', 'Leve', '2025-04-14'),
(279, 'Emergencia neurológica crítica', 'Critico', '2025-04-18'),
(222, 'Inflamación interna moderada', 'Moderado', '2025-04-22'),
(296, 'Paciente estable', 'Leve', '2025-04-26'),
(243, 'Trauma moderado en seguimiento', 'Grave', '2025-04-30'),

(204, 'Paciente crítico en observación', 'Critico', '2025-05-04'),
(261, 'Infección leve controlada', 'Leve', '2025-05-08'),
(285, 'Gastroenteritis moderada', 'Moderado', '2025-05-12'),
(218, 'Fractura en recuperación', 'Grave', '2025-05-16'),
(297, 'Estado estable sin complicaciones', 'Leve', '2025-05-20'),
(231, 'Shock séptico crítico', 'Critico', '2025-05-24'),
(208, 'Irritación leve', 'Leve', '2025-05-28'),
(266, 'Infección moderada en tratamiento', 'Moderado', '2025-06-01'),
(292, 'Trauma grave controlado', 'Grave', '2025-06-05'),
(240, 'Emergencia crítica estabilizada', 'Critico', '2025-06-09'),

(205, 'Estado general bueno', 'Leve', '2025-06-13'),
(280, 'Dolor abdominal moderado', 'Moderado', '2025-06-17'),
(247, 'Hemorragia interna grave', 'Grave', '2025-06-21'),
(211, 'Falla orgánica crítica', 'Critico', '2025-06-25'),
(269, 'Control rutinario normal', 'Leve', '2025-06-29'),
(217, 'Chequeo post-tratamiento sin complicaciones', 'Leve', '2025-07-03'),
(283, 'Inflamación leve en mejora', 'Moderado', '2025-07-07'),
(255, 'Infección severa bajo control parcial', 'Grave', '2025-07-11'),
(300, 'Emergencia crítica estabilizada', 'Critico', '2025-07-15'),
(226, 'Paciente estable en observación', 'Leve', '2025-07-19'),

(317, 'Chequeo general sin hallazgos relevantes', 'Leve', '2025-01-05'),
(389, 'Inflamación leve controlada', 'Moderado', '2025-01-09'),
(301, 'Infección respiratoria en tratamiento', 'Grave', '2025-01-13'),
(344, 'Paciente crítico estabilizado', 'Critico', '2025-01-17'),
(356, 'Control rutinario normal', 'Leve', '2025-01-21'),
(398, 'Gastroenteritis moderada', 'Moderado', '2025-01-25'),
(312, 'Fractura en recuperación', 'Grave', '2025-01-29'),
(365, 'Paciente estable sin síntomas', 'Leve', '2025-02-02'),
(331, 'Emergencia respiratoria controlada', 'Critico', '2025-02-06'),
(372, 'Dermatitis leve', 'Leve', '2025-02-10'),

(303, 'Infección cutánea moderada', 'Moderado', '2025-02-14'),
(386, 'Trauma interno en observación', 'Grave', '2025-02-18'),
(340, 'Paro cardiorrespiratorio estabilizado', 'Critico', '2025-02-22'),
(319, 'Chequeo sin alteraciones', 'Leve', '2025-02-26'),
(355, 'Problemas digestivos leves', 'Moderado', '2025-03-02'),
(311, 'Fractura compleja en tratamiento', 'Grave', '2025-03-06'),
(328, 'Control rutinario normal', 'Leve', '2025-03-10'),
(360, 'Emergencia crítica estabilizada', 'Critico', '2025-03-14'),
(341, 'Inflamación articular moderada', 'Moderado', '2025-03-18'),
(397, 'Infección severa en tratamiento', 'Grave', '2025-03-22'),

(305, 'Paciente sin síntomas relevantes', 'Leve', '2025-03-26'),
(375, 'Gastritis moderada', 'Moderado', '2025-03-30'),
(316, 'Falla cardíaca crítica', 'Critico', '2025-04-03'),
(387, 'Lesión leve en recuperación', 'Leve', '2025-04-07'),
(333, 'Infección bacteriana moderada', 'Grave', '2025-04-11'),
(350, 'Control general estable', 'Leve', '2025-04-15'),
(392, 'Emergencia neurológica crítica', 'Critico', '2025-04-19'),
(310, 'Inflamación interna moderada', 'Moderado', '2025-04-23'),
(379, 'Paciente estable', 'Leve', '2025-04-27'),
(345, 'Trauma moderado en seguimiento', 'Grave', '2025-05-01'),

(321, 'Paciente crítico en observación', 'Critico', '2025-05-05'),
(368, 'Infección leve controlada', 'Leve', '2025-05-09'),
(390, 'Gastroenteritis moderada', 'Moderado', '2025-05-13'),
(313, 'Fractura en recuperación', 'Grave', '2025-05-17'),
(366, 'Estado estable sin complicaciones', 'Leve', '2025-05-21'),
(384, 'Shock séptico crítico', 'Critico', '2025-05-25'),
(302, 'Irritación leve', 'Leve', '2025-05-29'),
(358, 'Infección moderada en tratamiento', 'Moderado', '2025-06-02'),
(395, 'Trauma grave controlado', 'Grave', '2025-06-06'),
(327, 'Emergencia crítica estabilizada', 'Critico', '2025-06-10'),

(371, 'Estado general bueno', 'Leve', '2025-06-14'),
(309, 'Dolor abdominal moderado', 'Moderado', '2025-06-18'),
(399, 'Hemorragia interna grave', 'Grave', '2025-06-22'),
(334, 'Falla orgánica crítica', 'Critico', '2025-06-26'),
(361, 'Control rutinario normal', 'Leve', '2025-06-30'),
(318, 'Chequeo post-tratamiento sin complicaciones', 'Leve', '2025-07-04'),
(382, 'Inflamación leve en mejora', 'Moderado', '2025-07-08'),
(349, 'Infección severa bajo control parcial', 'Grave', '2025-07-12'),
(400, 'Emergencia crítica estabilizada', 'Critico', '2025-07-16'),
(336, 'Paciente estable en observación', 'Leve', '2025-07-20');


insert into tratamiento(id_diagnostico, duracion, detalle, fecha_inicio) values
(7, '3 días', 'Seguimiento ambulatorio', '2025-01-09'),
(14, '10 días', 'Tratamiento antibiótico moderado', '2025-01-17'),
(23, '6 meses', 'Terapia de recuperación prolongada', '2025-02-03'),
(5, '3 meses', 'Terapia de emergencia prolongada', '2025-02-19'),
(23, '3 días', 'Tratamiento de soporte general', '2025-03-02'),
(42, '10 días', 'Tratamiento dermatológico', '2025-03-12'),
(18, '2 meses', 'Terapia antibiótica agresiva', '2025-03-23'),
(60, '10 días', 'Tratamiento conservador', '2025-04-09'),
(11, '3 días', 'Soporte vital intensivo', '2025-04-22'),
(27, '2 semanas', 'Seguimiento ambulatorio', '2025-05-07'),
(9, '10 días', 'Control de infección', '2025-05-19'),
(88, '5 días', 'Tratamiento quirúrgico de seguimiento', '2025-05-29'),
(3, '2 semanas', 'Manejo crítico multidisciplinario', '2025-06-05'),
(55, '3 días', 'Tratamiento conservador', '2025-06-18'),
(73, '3 semanas', 'Terapia antiinflamatoria', '2025-06-28'),
(21, '6 meses', 'Terapia de recuperación prolongada', '2025-07-09'),
(64, '3 meses', 'Control sintomático leve', '2025-07-21'),
(90, '3 días', 'Soporte vital intensivo', '2025-07-31'),
(16, '5 días', 'Tratamiento antibiótico moderado', '2025-08-11'),
(88, '3 semanas', 'Manejo de trauma', '2025-08-20'),
(2, '6 meses', 'Seguimiento ambulatorio', '2025-09-01'),
(45, '2 semanas', 'Control de infección', '2025-09-07'),
(82, '6 meses', 'Manejo crítico multidisciplinario', '2025-09-16'),
(28, '3 meses', 'Control sintomático leve', '2025-09-23'),
(66, '7 días', 'Tratamiento quirúrgico de seguimiento', '2025-10-03'),
(13, '1 semana', 'Manejo sintomático básico', '2025-10-13'),
(59, '6 meses', 'Manejo crítico multidisciplinario', '2025-10-20'),
(24, '10 días', 'Terapia antiinflamatoria', '2025-10-27'),
(95, '3 semanas', 'Seguimiento ambulatorio', '2025-11-06'),
(39, '10 días', 'Terapia de recuperación prolongada', '2025-11-12'),
(64, '10 días', 'Terapia de emergencia prolongada', '2025-11-22'),
(50, '6 meses', 'Tratamiento conservador', '2025-12-01'),
(95, '1 semana', 'Tratamiento antibiótico moderado', '2025-12-06'),
(17, '2 meses', 'Terapia de recuperación prolongada', '2025-12-14'),
(84, '3 meses', 'Tratamiento conservador', '2025-12-23'),
(10, '2 semanas', 'Soporte vital intensivo', '2026-01-01'),
(33, '2 meses', 'Tratamiento conservador', '2026-01-07'),
(58, '3 días', 'Terapia antiinflamatoria', '2026-01-13'),
(95, '6 meses', 'Terapia antibiótica agresiva', '2026-01-21'),
(2, '3 meses', 'Tratamiento de estabilización', '2026-01-30'),
(41, '3 semanas', 'Manejo sintomático básico', '2026-02-06'),
(70, '2 meses', 'Control de infección', '2026-02-13'),
(99, '6 meses', 'Tratamiento intensivo', '2026-02-17'),
(12, '6 meses', 'Manejo crítico multidisciplinario', '2026-02-26'),
(25, '1 semana', 'Tratamiento conservador', '2026-03-02'),
(36, '1 mes', 'Tratamiento de soporte general', '2026-03-10'),
(52, '2 meses', 'Tratamiento antibiótico moderado', '2026-03-15'),
(73, '6 meses', 'Manejo de trauma', '2026-03-16'),
(2, '7 días', 'Manejo crítico multidisciplinario', '2026-03-20'),
(64, '2 meses', 'Manejo sintomático básico', '2026-03-23'),
(118, '3 meses', 'Manejo crítico multidisciplinario', '2025-03-16'),
(105, '3 días', 'Tratamiento de soporte general', '2025-01-26'),
(132, '1 semana', 'Control sintomático leve', '2025-05-13'),
(149, '10 días', 'Manejo sintomático básico', '2025-07-18'),
(113, '5 días', 'Terapia de emergencia prolongada', '2025-02-24'),
(126, '2 meses', 'Control sintomático leve', '2025-04-17'),
(107, '6 meses', 'Tratamiento quirúrgico de seguimiento', '2025-02-01'),
(141, '1 semana', 'Manejo sintomático básico', '2025-06-17'),
(120, '10 días', 'Terapia de recuperación prolongada', '2025-03-27'),
(101, '1 semana', 'Tratamiento conservador', '2025-01-08'),
(118, '1 mes', 'Cuidados intensivos continuos', '2025-03-19'),
(134, '5 días', 'Terapia antibiótica agresiva', '2025-05-22'),
(110, '5 días', 'Seguimiento ambulatorio', '2025-02-13'),
(122, '3 meses', 'Tratamiento dermatológico', '2025-04-01'),
(145, '3 meses', 'Control sintomático leve', '2025-07-03'),
(118, '5 días', 'Tratamiento de estabilización', '2025-03-19'),
(109, '5 días', 'Tratamiento de estabilización', '2025-02-09'),
(130, '5 días', 'Terapia de recuperación prolongada', '2025-05-05'),
(115, '1 semana', 'Terapia de soporte intermedia', '2025-03-05'),
(104, '2 meses', 'Soporte vital intensivo', '2025-01-20'),
(142, '10 días', 'Terapia de soporte intermedia', '2025-06-23'),
(116, '10 días', 'Tratamiento intensivo', '2025-03-11'),
(121, '6 meses', 'Tratamiento conservador', '2025-03-28'),
(129, '3 semanas', 'Tratamiento conservador', '2025-05-01'),
(103, '3 días', 'Tratamiento intensivo', '2025-01-18'),
(147, '3 semanas', 'Control de infección', '2025-07-10'),
(112, '10 días', 'Terapia antibiótica agresiva', '2025-02-20'),
(135, '2 meses', 'Tratamiento conservador', '2025-05-24'),
(118, '3 semanas', 'Soporte vital intensivo', '2025-03-22'),
(140, '1 mes', 'Soporte vital intensivo', '2025-06-14'),
(108, '1 mes', 'Manejo sintomático básico', '2025-02-04'),
(123, '3 días', 'Cuidados intensivos continuos', '2025-04-05'),
(128, '5 días', 'Tratamiento antibiótico moderado', '2025-04-25'),
(150, '3 semanas', 'Tratamiento quirúrgico de seguimiento', '2025-07-23'),
(111, '10 días', 'Terapia de soporte intermedia', '2025-02-19'),
(118, '7 días', 'Terapia de emergencia prolongada', '2025-03-22'),
(125, '3 semanas', 'Manejo de trauma', '2025-04-13'),
(144, '1 semana', 'Terapia de emergencia prolongada', '2025-07-01'),
(119, '7 días', 'Tratamiento antibiótico moderado', '2025-03-23'),
(106, '10 días', 'Terapia antiinflamatoria', '2025-01-29'),
(131, '2 semanas', 'Tratamiento de estabilización', '2025-05-07'),
(138, '3 meses', 'Terapia de soporte intermedia', '2025-06-04'),
(146, '3 días', 'Manejo sintomático básico', '2025-07-07'),
(102, '7 días', 'Terapia antiinflamatoria', '2025-01-11'),
(139, '6 meses', 'Terapia antibiótica agresiva', '2025-06-08'),
(114, '5 días', 'Manejo sintomático básico', '2025-03-03'),
(117, '3 meses', 'Manejo sintomático básico', '2025-03-13'),
(127, '3 meses', 'Tratamiento de estabilización', '2025-04-21'),
(133, '6 meses', 'Tratamiento dermatológico', '2025-05-18'),
(148, '1 semana', 'Soporte vital intensivo', '2025-07-16'),
(57, '10 días', 'Seguimiento ambulatorio', '2025-01-07'),
(1, '7 días', 'Control de infección', '2025-01-12'),
(99, '2 semanas', 'Tratamiento intensivo', '2025-01-16'),
(20, '1 mes', 'Cuidados intensivos continuos', '2025-01-17'),
(45, '5 días', 'Manejo sintomático básico', '2025-01-21'),
(78, '2 meses', 'Control de infección', '2025-01-26'),
(10, '2 semanas', 'Tratamiento intensivo', '2025-01-30'),
(65, '2 semanas', 'Seguimiento ambulatorio', '2025-02-03'),
(30, '1 mes', 'Cuidados intensivos continuos', '2025-02-07'),
(94, '3 meses', 'Manejo sintomático básico', '2025-02-12'),
(3, '6 meses', 'Tratamiento dermatológico', '2025-02-14'),
(88, '6 meses', 'Tratamiento intensivo', '2025-02-20'),
(41, '1 semana', 'Tratamiento de estabilización', '2025-02-23'),
(12, '2 meses', 'Control sintomático leve', '2025-02-26'),
(75, '1 semana', 'Tratamiento dermatológico', '2025-03-04'),
(98, '2 semanas', 'Terapia antibiótica agresiva', '2025-03-07'),
(6, '2 meses', 'Tratamiento conservador', '2025-03-12'),
(60, '3 días', 'Tratamiento de estabilización', '2025-03-16'),
(33, '1 semana', 'Terapia antiinflamatoria', '2025-03-21'),
(19, '2 semanas', 'Terapia antibiótica agresiva', '2025-03-22'),
(51, '7 días', 'Tratamiento conservador', '2025-03-28'),
(70, '2 meses', 'Terapia antiinflamatoria', '2025-04-02'),
(7, '5 días', 'Soporte vital intensivo', '2025-04-03'),
(89, '2 semanas', 'Manejo sintomático básico', '2025-04-07'),
(36, '3 semanas', 'Terapia antibiótica agresiva', '2025-04-12'),
(14, '1 semana', 'Seguimiento ambulatorio', '2025-04-15'),
(79, '2 semanas', 'Soporte vital intensivo', '2025-04-19'),
(22, '6 meses', 'Terapia antiinflamatoria', '2025-04-24'),
(96, '2 meses', 'Tratamiento conservador', '2025-04-29'),
(43, '10 días', 'Terapia antibiótica agresiva', '2025-05-02'),
(4, '3 semanas', 'Tratamiento de estabilización', '2025-05-06'),
(61, '2 semanas', 'Tratamiento conservador', '2025-05-10'),
(85, '1 semana', 'Tratamiento antibiótico moderado', '2025-05-14'),
(18, '3 semanas', 'Tratamiento intensivo', '2025-05-17'),
(97, '10 días', 'Control sintomático leve', '2025-05-24'),
(31, '2 semanas', 'Manejo crítico multidisciplinario', '2025-05-28'),
(8, '10 días', 'Tratamiento de soporte general', '2025-05-30'),
(66, '3 semanas', 'Control de infección', '2025-06-03'),
(92, '5 días', 'Manejo de trauma', '2025-06-08'),
(40, '6 meses', 'Cuidados intensivos continuos', '2025-06-12'),
(5, '6 meses', 'Manejo sintomático básico', '2025-06-17'),
(80, '3 días', 'Terapia antiinflamatoria', '2025-06-20'),
(47, '7 días', 'Terapia de recuperación prolongada', '2025-06-24'),
(11, '3 días', 'Tratamiento de estabilización', '2025-06-28'),
(69, '2 semanas', 'Seguimiento ambulatorio', '2025-07-03'),
(17, '3 meses', 'Manejo sintomático básico', '2025-07-07'),
(83, '3 semanas', 'Tratamiento dermatológico', '2025-07-08'),
(55, '1 semana', 'Tratamiento intensivo', '2025-07-13'),
(100, '3 días', 'Cuidados intensivos continuos', '2025-07-19'),
(26, '2 semanas', 'Tratamiento conservador', '2025-07-21'),
(117, '6 meses', 'Seguimiento ambulatorio', '2025-01-06'),
(189, '6 meses', 'Terapia antiinflamatoria', '2025-01-12'),
(101, '2 meses', 'Manejo de trauma', '2025-01-16'),
(144, '2 semanas', 'Terapia de emergencia prolongada', '2025-01-21'),
(156, '2 meses', 'Control sintomático leve', '2025-01-24'),
(198, '3 semanas', 'Terapia de soporte intermedia', '2025-01-27'),
(112, '3 meses', 'Terapia de recuperación prolongada', '2025-01-31'),
(165, '3 semanas', 'Manejo sintomático básico', '2025-02-05'),
(131, '1 semana', 'Manejo crítico multidisciplinario', '2025-02-07'),
(172, '3 semanas', 'Manejo sintomático básico', '2025-02-12'),
(103, '1 mes', 'Terapia de soporte intermedia', '2025-02-17'),
(186, '6 meses', 'Terapia antibiótica agresiva', '2025-02-22'),
(140, '7 días', 'Tratamiento de estabilización', '2025-02-26'),
(119, '2 meses', 'Manejo sintomático básico', '2025-03-01'),
(155, '5 días', 'Tratamiento antibiótico moderado', '2025-03-05'),
(111, '10 días', 'Terapia antibiótica agresiva', '2025-03-09'),
(128, '3 días', 'Tratamiento de soporte general', '2025-03-12'),
(160, '1 mes', 'Cuidados intensivos continuos', '2025-03-16'),
(141, '1 mes', 'Terapia de soporte intermedia', '2025-03-19'),
(197, '3 semanas', 'Tratamiento quirúrgico de seguimiento', '2025-03-24'),
(105, '10 días', 'Control sintomático leve', '2025-03-30'),
(175, '5 días', 'Terapia de soporte intermedia', '2025-03-31'),
(116, '7 días', 'Cuidados intensivos continuos', '2025-04-05'),
(187, '3 días', 'Manejo sintomático básico', '2025-04-11'),
(133, '5 días', 'Tratamiento quirúrgico de seguimiento', '2025-04-13'),
(150, '1 mes', 'Manejo sintomático básico', '2025-04-17'),
(192, '1 mes', 'Cuidados intensivos continuos', '2025-04-22'),
(110, '2 meses', 'Terapia de soporte intermedia', '2025-04-27'),
(179, '1 mes', 'Tratamiento conservador', '2025-04-29'),
(145, '10 días', 'Manejo de trauma', '2025-05-04'),
(121, '6 meses', 'Soporte vital intensivo', '2025-05-09'),
(168, '1 mes', 'Tratamiento de soporte general', '2025-05-12'),
(190, '10 días', 'Control de infección', '2025-05-16'),
(113, '2 semanas', 'Terapia de recuperación prolongada', '2025-05-20'),
(166, '7 días', 'Control sintomático leve', '2025-05-22'),
(184, '3 semanas', 'Soporte vital intensivo', '2025-05-27'),
(102, '5 días', 'Tratamiento conservador', '2025-05-31'),
(158, '2 semanas', 'Tratamiento dermatológico', '2025-06-06'),
(195, '3 semanas', 'Tratamiento intensivo', '2025-06-10'),
(127, '3 semanas', 'Terapia de emergencia prolongada', '2025-06-12'),
(171, '3 meses', 'Tratamiento conservador', '2025-06-15'),
(109, '3 días', 'Control de infección', '2025-06-22'),
(199, '3 semanas', 'Tratamiento quirúrgico de seguimiento', '2025-06-25'),
(134, '1 mes', 'Soporte vital intensivo', '2025-06-28'),
(161, '3 semanas', 'Tratamiento conservador', '2025-07-03'),
(118, '3 semanas', 'Seguimiento ambulatorio', '2025-07-05'),
(182, '7 días', 'Terapia de soporte intermedia', '2025-07-12'),
(149, '3 meses', 'Terapia de recuperación prolongada', '2025-07-14'),
(200, '3 semanas', 'Cuidados intensivos continuos', '2025-07-17'),
(136, '5 días', 'Tratamiento conservador', '2025-07-21');


insert into factura (id_consulta, total_a_pagar, metodo_pago, fecha_de_emision) values
(1, 45.00, 'Efectivo', '2024-01-10'),
(2, 120.50, 'Tarjeta', '2024-02-14'),
(3, 300.00, 'Transferencia', '2024-03-05'),
(4, 15.75, 'Efectivo', '2024-03-18'),
(5, 980.00, 'Tarjeta', '2024-04-01'),
(6, 250.40, 'Transferencia', '2024-04-15'),
(7, 75.00, 'Efectivo', '2024-05-02'),
(8, 640.90, 'Tarjeta', '2024-05-20'),
(9, 35.20, 'Efectivo', '2024-06-08'),
(10, 1500.00, 'Transferencia', '2024-06-25'),

(11, 420.00, 'Tarjeta', '2024-07-03'),
(12, 18.99, 'Efectivo', '2024-07-19'),
(13, 890.30, 'Transferencia', '2024-08-01'),
(14, 60.00, 'Efectivo', '2024-08-17'),
(15, 305.75, 'Tarjeta', '2024-09-02'),
(16, 999.99, 'Transferencia', '2024-09-20'),
(17, 110.00, 'Efectivo', '2024-10-05'),
(18, 750.50, 'Tarjeta', '2024-10-18'),
(19, 45.30, 'Efectivo', '2024-11-01'),
(20, 2400.00, 'Transferencia', '2024-11-15'),

(21, 380.00, 'Tarjeta', '2024-12-02'),
(22, 25.00, 'Efectivo', '2024-12-18'),
(23, 670.40, 'Transferencia', '2025-01-06'),
(24, 88.90, 'Efectivo', '2025-01-20'),
(25, 120.00, 'Tarjeta', '2025-02-03'),
(26, 540.75, 'Transferencia', '2025-02-18'),
(27, 310.00, 'Efectivo', '2025-03-04'),
(28, 9999.99, 'Tarjeta', '2025-03-22'),
(29, 65.00, 'Efectivo', '2025-04-08'),
(30, 430.20, 'Transferencia', '2025-04-25'),

(31, 150.00, 'Tarjeta', '2025-05-10'),
(32, 75.80, 'Efectivo', '2025-05-27'),
(33, 890.00, 'Transferencia', '2025-06-11'),
(34, 240.00, 'Tarjeta', '2025-06-29'),
(35, 33.50, 'Efectivo', '2025-07-14'),
(36, 1200.00, 'Transferencia', '2025-07-30'),
(37, 410.90, 'Tarjeta', '2025-08-12'),
(38, 59.99, 'Efectivo', '2025-08-28'),
(39, 6700.00, 'Transferencia', '2025-09-09'),
(40, 180.00, 'Tarjeta', '2025-09-25'),

(41, 95.00, 'Efectivo', '2025-10-10'),
(42, 560.00, 'Transferencia', '2025-10-27'),
(43, 310.50, 'Tarjeta', '2025-11-11'),
(44, 22.00, 'Efectivo', '2025-11-28'),
(45, 980.80, 'Transferencia', '2025-12-05'),
(46, 150.75, 'Tarjeta', '2025-12-18'),
(47, 45.00, 'Efectivo', '2026-01-04'),
(48, 890.00, 'Transferencia', '2026-01-17'),
(49, 260.30, 'Tarjeta', '2026-01-28'),
(50, 1200.00, 'Efectivo', '2026-02-10'),

(51, 350.00, 'Tarjeta', '2024-01-05'),
(52, 89.90, 'Efectivo', '2024-01-18'),
(53, 1200.00, 'Transferencia', '2024-02-02'),
(54, 45.75, 'Efectivo', '2024-02-14'),
(55, 670.20, 'Tarjeta', '2024-02-28'),
(56, 150.00, 'Transferencia', '2024-03-10'),
(57, 9800.00, 'Tarjeta', '2024-03-22'),
(58, 33.40, 'Efectivo', '2024-04-06'),
(59, 410.00, 'Transferencia', '2024-04-18'),
(60, 760.90, 'Tarjeta', '2024-04-30'),

(61, 125.00, 'Efectivo', '2024-05-12'),
(62, 540.60, 'Transferencia', '2024-05-25'),
(63, 300.00, 'Tarjeta', '2024-06-07'),
(64, 88.88, 'Efectivo', '2024-06-19'),
(65, 999.99, 'Transferencia', '2024-07-01'),
(66, 210.00, 'Tarjeta', '2024-07-14'),
(67, 47.50, 'Efectivo', '2024-07-28'),
(68, 680.00, 'Transferencia', '2024-08-09'),
(69, 320.30, 'Tarjeta', '2024-08-21'),
(70, 1500.00, 'Efectivo', '2024-09-03'),

(71, 75.00, 'Efectivo', '2024-09-15'),
(72, 460.00, 'Transferencia', '2024-09-27'),
(73, 890.50, 'Tarjeta', '2024-10-10'),
(74, 120.00, 'Efectivo', '2024-10-22'),
(75, 3400.00, 'Transferencia', '2024-11-04'),
(76, 65.90, 'Tarjeta', '2024-11-16'),
(77, 250.00, 'Efectivo', '2024-11-28'),
(78, 980.00, 'Transferencia', '2024-12-10'),
(79, 410.75, 'Tarjeta', '2024-12-22'),
(80, 150.50, 'Efectivo', '2025-01-03'),

(81, 670.00, 'Transferencia', '2025-01-15'),
(82, 88.00, 'Tarjeta', '2025-01-27'),
(83, 520.40, 'Efectivo', '2025-02-08'),
(84, 999.00, 'Transferencia', '2025-02-20'),
(85, 310.00, 'Tarjeta', '2025-03-04'),
(86, 45.00, 'Efectivo', '2025-03-16'),
(87, 760.00, 'Transferencia', '2025-03-28'),
(88, 120.99, 'Tarjeta', '2025-04-09'),
(89, 550.50, 'Efectivo', '2025-04-21'),
(90, 2300.00, 'Transferencia', '2025-05-03'),

(91, 95.00, 'Tarjeta', '2025-05-15'),
(92, 410.00, 'Efectivo', '2025-05-27'),
(93, 870.00, 'Transferencia', '2025-06-08'),
(94, 260.00, 'Tarjeta', '2025-06-20'),
(95, 33.00, 'Efectivo', '2025-07-02'),
(96, 1200.00, 'Transferencia', '2025-07-14'),
(97, 490.90, 'Tarjeta', '2025-07-26'),
(98, 75.75, 'Efectivo', '2025-08-07'),
(99, 6700.00, 'Transferencia', '2025-08-19'),
(100, 180.00, 'Tarjeta', '2025-08-31'),

(101, 340.00, 'Efectivo', '2024-01-06'),
(102, 1250.50, 'Tarjeta', '2024-01-19'),
(103, 89.99, 'Transferencia', '2024-02-03'),
(104, 560.00, 'Efectivo', '2024-02-16'),
(105, 7800.00, 'Tarjeta', '2024-03-01'),
(106, 210.75, 'Transferencia', '2024-03-14'),
(107, 45.00, 'Efectivo', '2024-03-27'),
(108, 990.00, 'Tarjeta', '2024-04-09'),
(109, 310.40, 'Transferencia', '2024-04-22'),
(110, 150.00, 'Efectivo', '2024-05-05'),

(111, 670.90, 'Tarjeta', '2024-05-18'),
(112, 88.50, 'Transferencia', '2024-05-31'),
(113, 2400.00, 'Efectivo', '2024-06-12'),
(114, 530.00, 'Tarjeta', '2024-06-25'),
(115, 75.25, 'Transferencia', '2024-07-08'),
(116, 980.00, 'Efectivo', '2024-07-21'),
(117, 410.60, 'Tarjeta', '2024-08-03'),
(118, 120.00, 'Transferencia', '2024-08-16'),
(119, 3600.00, 'Efectivo', '2024-08-29'),
(120, 95.00, 'Tarjeta', '2024-09-11'),

(121, 680.00, 'Transferencia', '2024-09-24'),
(122, 250.00, 'Efectivo', '2024-10-07'),
(123, 9900.00, 'Tarjeta', '2024-10-20'),
(124, 45.75, 'Transferencia', '2024-11-02'),
(125, 310.00, 'Efectivo', '2024-11-15'),
(126, 760.40, 'Tarjeta', '2024-11-28'),
(127, 150.90, 'Transferencia', '2024-12-11'),
(128, 420.00, 'Efectivo', '2024-12-24'),
(129, 890.00, 'Tarjeta', '2025-01-06'),
(130, 65.00, 'Transferencia', '2025-01-19'),

(131, 1200.00, 'Efectivo', '2025-02-01'),
(132, 330.50, 'Tarjeta', '2025-02-14'),
(133, 480.00, 'Transferencia', '2025-02-27'),
(134, 99.99, 'Efectivo', '2025-03-12'),
(135, 2700.00, 'Tarjeta', '2025-03-25'),
(136, 145.00, 'Transferencia', '2025-04-07'),
(137, 560.75, 'Efectivo', '2025-04-20'),
(138, 820.00, 'Tarjeta', '2025-05-03'),
(139, 37.50, 'Transferencia', '2025-05-16'),
(140, 410.00, 'Efectivo', '2025-05-29'),

(141, 999.00, 'Tarjeta', '2025-06-11'),
(142, 250.40, 'Transferencia', '2025-06-24'),
(143, 670.00, 'Efectivo', '2025-07-07'),
(144, 120.99, 'Tarjeta', '2025-07-20'),
(145, 3400.00, 'Transferencia', '2025-08-02'),
(146, 85.00, 'Efectivo', '2025-08-15'),
(147, 760.00, 'Tarjeta', '2025-08-28'),
(148, 1500.00, 'Transferencia', '2025-09-10'),
(149, 430.00, 'Efectivo', '2025-09-23'),
(150, 95.50, 'Tarjeta', '2025-10-06'),

(151, 310.00, 'Efectivo', '2024-01-07'),
(152, 125.75, 'Tarjeta', '2024-01-20'),
(153, 9800.00, 'Transferencia', '2024-02-02'),
(154, 45.00, 'Efectivo', '2024-02-15'),
(155, 670.90, 'Tarjeta', '2024-02-28'),
(156, 210.00, 'Transferencia', '2024-03-12'),
(157, 880.50, 'Efectivo', '2024-03-25'),
(158, 1500.00, 'Tarjeta', '2024-04-07'),
(159, 95.00, 'Transferencia', '2024-04-20'),
(160, 430.25, 'Efectivo', '2024-05-03'),

(161, 760.00, 'Tarjeta', '2024-05-16'),
(162, 320.40, 'Transferencia', '2024-05-29'),
(163, 120.00, 'Efectivo', '2024-06-11'),
(164, 990.99, 'Tarjeta', '2024-06-24'),
(165, 55.50, 'Transferencia', '2024-07-07'),
(166, 2400.00, 'Efectivo', '2024-07-20'),
(167, 410.00, 'Tarjeta', '2024-08-02'),
(168, 680.75, 'Transferencia', '2024-08-15'),
(169, 88.00, 'Efectivo', '2024-08-28'),
(170, 3500.00, 'Tarjeta', '2024-09-10'),

(171, 125.00, 'Transferencia', '2024-09-23'),
(172, 540.00, 'Efectivo', '2024-10-06'),
(173, 9999.99, 'Tarjeta', '2024-10-19'),
(174, 45.75, 'Transferencia', '2024-11-01'),
(175, 310.00, 'Efectivo', '2024-11-14'),
(176, 760.90, 'Tarjeta', '2024-11-27'),
(177, 150.00, 'Transferencia', '2024-12-10'),
(178, 420.50, 'Efectivo', '2024-12-23'),
(179, 890.00, 'Tarjeta', '2025-01-05'),
(180, 65.00, 'Transferencia', '2025-01-18'),

(181, 1200.00, 'Efectivo', '2025-01-31'),
(182, 330.00, 'Tarjeta', '2025-02-13'),
(183, 480.75, 'Transferencia', '2025-02-26'),
(184, 99.00, 'Efectivo', '2025-03-11'),
(185, 2700.00, 'Tarjeta', '2025-03-24'),
(186, 145.50, 'Transferencia', '2025-04-06'),
(187, 560.00, 'Efectivo', '2025-04-19'),
(188, 820.90, 'Tarjeta', '2025-05-02'),
(189, 37.00, 'Transferencia', '2025-05-15'),
(190, 410.75, 'Efectivo', '2025-05-28'),

(191, 999.50, 'Tarjeta', '2025-06-10'),
(192, 250.00, 'Transferencia', '2025-06-23'),
(193, 670.25, 'Efectivo', '2025-07-06'),
(194, 120.00, 'Tarjeta', '2025-07-19'),
(195, 3400.00, 'Transferencia', '2025-08-01'),
(196, 85.75, 'Efectivo', '2025-08-14'),
(197, 760.00, 'Tarjeta', '2025-08-27'),
(198, 1500.00, 'Transferencia', '2025-09-09'),
(199, 430.40, 'Efectivo', '2025-09-22'),
(200, 95.00, 'Tarjeta', '2025-10-05'),

(201, 320.00, 'Efectivo', '2024-01-08'),
(202, 140.75, 'Tarjeta', '2024-01-21'),
(203, 8900.00, 'Transferencia', '2024-02-03'),
(204, 55.00, 'Efectivo', '2024-02-16'),
(205, 670.40, 'Tarjeta', '2024-03-01'),
(206, 210.00, 'Transferencia', '2024-03-14'),
(207, 880.00, 'Efectivo', '2024-03-27'),
(208, 1500.00, 'Tarjeta', '2024-04-09'),
(209, 95.50, 'Transferencia', '2024-04-22'),
(210, 430.00, 'Efectivo', '2024-05-05'),

(211, 760.25, 'Tarjeta', '2024-05-18'),
(212, 320.00, 'Transferencia', '2024-05-31'),
(213, 120.75, 'Efectivo', '2024-06-12'),
(214, 990.00, 'Tarjeta', '2024-06-25'),
(215, 60.00, 'Transferencia', '2024-07-08'),
(216, 2400.00, 'Efectivo', '2024-07-21'),
(217, 410.90, 'Tarjeta', '2024-08-03'),
(218, 680.00, 'Transferencia', '2024-08-16'),
(219, 88.50, 'Efectivo', '2024-08-29'),
(220, 3500.00, 'Tarjeta', '2024-09-11'),

(221, 125.75, 'Transferencia', '2024-09-24'),
(222, 540.00, 'Efectivo', '2024-10-07'),
(223, 9999.99, 'Tarjeta', '2024-10-20'),
(224, 45.00, 'Transferencia', '2024-11-02'),
(225, 310.50, 'Efectivo', '2024-11-15'),
(226, 760.00, 'Tarjeta', '2024-11-28'),
(227, 150.90, 'Transferencia', '2024-12-11'),
(228, 420.00, 'Efectivo', '2024-12-24'),
(229, 890.50, 'Tarjeta', '2025-01-06'),
(230, 65.75, 'Transferencia', '2025-01-19'),

(231, 1200.00, 'Efectivo', '2025-02-01'),
(232, 330.90, 'Tarjeta', '2025-02-14'),
(233, 480.00, 'Transferencia', '2025-02-27'),
(234, 99.75, 'Efectivo', '2025-03-12'),
(235, 2700.00, 'Tarjeta', '2025-03-25'),
(236, 145.00, 'Transferencia', '2025-04-07'),
(237, 560.75, 'Efectivo', '2025-04-20'),
(238, 820.00, 'Tarjeta', '2025-05-03'),
(239, 37.90, 'Transferencia', '2025-05-16'),
(240, 410.00, 'Efectivo', '2025-05-29'),

(241, 999.00, 'Tarjeta', '2025-06-11'),
(242, 250.40, 'Transferencia', '2025-06-24'),
(243, 670.00, 'Efectivo', '2025-07-07'),
(244, 120.99, 'Tarjeta', '2025-07-20'),
(245, 3400.00, 'Transferencia', '2025-08-02'),
(246, 85.00, 'Efectivo', '2025-08-15'),
(247, 760.00, 'Tarjeta', '2025-08-28'),
(248, 1500.00, 'Transferencia', '2025-09-10'),
(249, 430.00, 'Efectivo', '2025-09-23'),
(250, 95.50, 'Tarjeta', '2025-10-06'),

(251, 310.00, 'Efectivo', '2024-01-09'),
(252, 145.75, 'Tarjeta', '2024-01-22'),
(253, 8800.00, 'Transferencia', '2024-02-04'),
(254, 60.00, 'Efectivo', '2024-02-17'),
(255, 670.90, 'Tarjeta', '2024-03-02'),
(256, 210.50, 'Transferencia', '2024-03-15'),
(257, 900.00, 'Efectivo', '2024-03-28'),
(258, 1500.00, 'Tarjeta', '2024-04-10'),
(259, 95.00, 'Transferencia', '2024-04-23'),
(260, 430.80, 'Efectivo', '2024-05-06'),

(261, 760.00, 'Tarjeta', '2024-05-19'),
(262, 320.40, 'Transferencia', '2024-06-01'),
(263, 120.00, 'Efectivo', '2024-06-13'),
(264, 990.99, 'Tarjeta', '2024-06-26'),
(265, 55.00, 'Transferencia', '2024-07-09'),
(266, 2400.00, 'Efectivo', '2024-07-22'),
(267, 410.00, 'Tarjeta', '2024-08-04'),
(268, 680.75, 'Transferencia', '2024-08-17'),
(269, 88.00, 'Efectivo', '2024-08-30'),
(270, 3500.00, 'Tarjeta', '2024-09-12'),

(271, 125.00, 'Transferencia', '2024-09-25'),
(272, 540.00, 'Efectivo', '2024-10-08'),
(273, 9999.99, 'Tarjeta', '2024-10-21'),
(274, 45.75, 'Transferencia', '2024-11-03'),
(275, 310.00, 'Efectivo', '2024-11-16'),
(276, 760.90, 'Tarjeta', '2024-11-29'),
(277, 150.00, 'Transferencia', '2024-12-12'),
(278, 420.50, 'Efectivo', '2024-12-25'),
(279, 890.00, 'Tarjeta', '2025-01-07'),
(280, 65.00, 'Transferencia', '2025-01-20'),

(281, 1200.00, 'Efectivo', '2025-02-02'),
(282, 330.00, 'Tarjeta', '2025-02-15'),
(283, 480.75, 'Transferencia', '2025-02-28'),
(284, 99.00, 'Efectivo', '2025-03-13'),
(285, 2700.00, 'Tarjeta', '2025-03-26'),
(286, 145.50, 'Transferencia', '2025-04-08'),
(287, 560.00, 'Efectivo', '2025-04-21'),
(288, 820.90, 'Tarjeta', '2025-05-04'),
(289, 37.00, 'Transferencia', '2025-05-17'),
(290, 410.75, 'Efectivo', '2025-05-30'),

(291, 999.50, 'Tarjeta', '2025-06-12'),
(292, 250.00, 'Transferencia', '2025-06-25'),
(293, 670.25, 'Efectivo', '2025-07-08'),
(294, 120.00, 'Tarjeta', '2025-07-21'),
(295, 3400.00, 'Transferencia', '2025-08-03'),
(296, 85.75, 'Efectivo', '2025-08-16'),
(297, 760.00, 'Tarjeta', '2025-08-29'),
(298, 1500.00, 'Transferencia', '2025-09-11'),
(299, 430.40, 'Efectivo', '2025-09-24'),
(300, 95.00, 'Tarjeta', '2025-10-07'),

(301, 320.00, 'Efectivo', '2024-01-10'),
(302, 150.75, 'Tarjeta', '2024-01-23'),
(303, 8700.00, 'Transferencia', '2024-02-05'),
(304, 65.00, 'Efectivo', '2024-02-18'),
(305, 680.90, 'Tarjeta', '2024-03-03'),
(306, 220.50, 'Transferencia', '2024-03-16'),
(307, 910.00, 'Efectivo', '2024-03-29'),
(308, 1500.00, 'Tarjeta', '2024-04-11'),
(309, 98.00, 'Transferencia', '2024-04-24'),
(310, 440.80, 'Efectivo', '2024-05-07'),

(311, 770.00, 'Tarjeta', '2024-05-20'),
(312, 330.40, 'Transferencia', '2024-06-02'),
(313, 130.00, 'Efectivo', '2024-06-14'),
(314, 995.99, 'Tarjeta', '2024-06-27'),
(315, 58.00, 'Transferencia', '2024-07-10'),
(316, 2450.00, 'Efectivo', '2024-07-23'),
(317, 415.00, 'Tarjeta', '2024-08-05'),
(318, 690.75, 'Transferencia', '2024-08-18'),
(319, 90.00, 'Efectivo', '2024-08-31'),
(320, 3600.00, 'Tarjeta', '2024-09-13'),

(321, 130.00, 'Transferencia', '2024-09-26'),
(322, 550.00, 'Efectivo', '2024-10-09'),
(323, 9800.00, 'Tarjeta', '2024-10-22'),
(324, 47.75, 'Transferencia', '2024-11-04'),
(325, 315.00, 'Efectivo', '2024-11-17'),
(326, 770.90, 'Tarjeta', '2024-11-30'),
(327, 155.00, 'Transferencia', '2024-12-13'),
(328, 430.50, 'Efectivo', '2024-12-26'),
(329, 895.00, 'Tarjeta', '2025-01-08'),
(330, 68.00, 'Transferencia', '2025-01-21'),

(331, 1220.00, 'Efectivo', '2025-02-03'),
(332, 340.00, 'Tarjeta', '2025-02-16'),
(333, 490.75, 'Transferencia', '2025-03-01'),
(334, 101.00, 'Efectivo', '2025-03-14'),
(335, 2750.00, 'Tarjeta', '2025-03-27'),
(336, 150.50, 'Transferencia', '2025-04-09'),
(337, 570.00, 'Efectivo', '2025-04-22'),
(338, 830.90, 'Tarjeta', '2025-05-05'),
(339, 40.00, 'Transferencia', '2025-05-18'),
(340, 420.75, 'Efectivo', '2025-05-31'),

(341, 1010.00, 'Tarjeta', '2025-06-13'),
(342, 260.00, 'Transferencia', '2025-06-26'),
(343, 680.25, 'Efectivo', '2025-07-09'),
(344, 130.00, 'Tarjeta', '2025-07-22'),
(345, 3450.00, 'Transferencia', '2025-08-04'),
(346, 90.75, 'Efectivo', '2025-08-17'),
(347, 770.00, 'Tarjeta', '2025-08-30'),
(348, 1520.00, 'Transferencia', '2025-09-12'),
(349, 440.00, 'Efectivo', '2025-09-25'),
(350, 100.50, 'Tarjeta', '2025-10-08'),

(351, 330.00, 'Efectivo', '2024-01-11'),
(352, 160.75, 'Tarjeta', '2024-01-24'),
(353, 8600.00, 'Transferencia', '2024-02-06'),
(354, 70.00, 'Efectivo', '2024-02-19'),
(355, 690.90, 'Tarjeta', '2024-03-04'),
(356, 230.50, 'Transferencia', '2024-03-17'),
(357, 920.00, 'Efectivo', '2024-03-30'),
(358, 1500.00, 'Tarjeta', '2024-04-12'),
(359, 100.00, 'Transferencia', '2024-04-25'),
(360, 450.80, 'Efectivo', '2024-05-08'),

(361, 780.00, 'Tarjeta', '2024-05-21'),
(362, 340.40, 'Transferencia', '2024-06-03'),
(363, 140.00, 'Efectivo', '2024-06-15'),
(364, 1000.00, 'Tarjeta', '2024-06-28'),
(365, 60.00, 'Transferencia', '2024-07-11'),
(366, 2500.00, 'Efectivo', '2024-07-24'),
(367, 420.00, 'Tarjeta', '2024-08-06'),
(368, 700.75, 'Transferencia', '2024-08-19'),
(369, 92.00, 'Efectivo', '2024-09-01'),
(370, 3700.00, 'Tarjeta', '2024-09-14'),

(371, 135.00, 'Transferencia', '2024-09-27'),
(372, 560.00, 'Efectivo', '2024-10-10'),
(373, 9700.00, 'Tarjeta', '2024-10-23'),
(374, 50.75, 'Transferencia', '2024-11-05'),
(375, 320.00, 'Efectivo', '2024-11-18'),
(376, 780.90, 'Tarjeta', '2024-12-01'),
(377, 160.00, 'Transferencia', '2024-12-14'),
(378, 440.50, 'Efectivo', '2024-12-27'),
(379, 900.00, 'Tarjeta', '2025-01-09'),
(380, 70.00, 'Transferencia', '2025-01-22'),

(381, 1240.00, 'Efectivo', '2025-02-04'),
(382, 350.00, 'Tarjeta', '2025-02-17'),
(383, 500.75, 'Transferencia', '2025-03-02'),
(384, 105.00, 'Efectivo', '2025-03-15'),
(385, 2800.00, 'Tarjeta', '2025-03-28'),
(386, 155.50, 'Transferencia', '2025-04-10'),
(387, 580.00, 'Efectivo', '2025-04-23'),
(388, 840.90, 'Tarjeta', '2025-05-06'),
(389, 42.00, 'Transferencia', '2025-05-19'),
(390, 430.75, 'Efectivo', '2025-06-01'),

(391, 1020.00, 'Tarjeta', '2025-06-14'),
(392, 270.00, 'Transferencia', '2025-06-27'),
(393, 690.25, 'Efectivo', '2025-07-10'),
(394, 140.00, 'Tarjeta', '2025-07-23'),
(395, 3500.00, 'Transferencia', '2025-08-05'),
(396, 95.75, 'Efectivo', '2025-08-18'),
(397, 780.00, 'Tarjeta', '2025-08-31'),
(398, 1540.00, 'Transferencia', '2025-09-13'),
(399, 450.00, 'Efectivo', '2025-09-26'),
(400, 110.50, 'Tarjeta', '2025-10-09');


insert into detalle_factura (id_factura, tipo_concepto, concepto, cantidad, precio_unitario) values

(1, 'Consulta', 'Consulta', 1, 45.00),
(2, 'Farmacia', 'Medicamento', 2, 1200.50),
(3, 'Cirugia', 'Procedimiento', 1, 300.00),
(4, 'Vacunacion', 'Vacuna', 1, 150.75),
(5, 'Consulta', 'Consulta', 1, 980.00),
(6, 'Farmacia', 'Medicamento', 3, 250.40),
(7, 'Laboratorio', 'Otro', 1, 75.00),
(8, 'Procedimiento', 'Procedimiento', 2, 640.90),
(9, 'Consulta', 'Consulta', 1, 35.20),
(10, 'Vacunacion', 'Vacuna', 4, 1500.00),

(11, 'Consulta', 'Consulta', 1, 420.00),
(12, 'Farmacia', 'Medicamento', 2, 189.99),
(13, 'Cirugia', 'Procedimiento', 1, 890.30),
(14, 'Vacunacion', 'Vacuna', 1, 60.00),
(15, 'Consulta', 'Consulta', 1, 305.75),
(16, 'Hospitalizacion', 'Otro', 3, 999.99),
(17, 'Farmacia', 'Medicamento', 2, 110.00),
(18, 'Procedimiento', 'Procedimiento', 1, 750.50),
(19, 'Consulta', 'Consulta', 1, 45.30),
(20, 'Vacunacion', 'Vacuna', 5, 2400.00),

(21, 'Cirugia', 'Procedimiento', 1, 380.00),
(22, 'Farmacia', 'Medicamento', 2, 25.00),
(23, 'Consulta', 'Consulta', 1, 670.40),
(24, 'Vacunacion', 'Vacuna', 1, 88.90),
(25, 'Consulta', 'Consulta', 1, 120.00),
(26, 'Farmacia', 'Medicamento', 3, 540.75),
(27, 'Procedimiento', 'Procedimiento', 2, 310.00),
(28, 'Laboratorio', 'Otro', 1, 9999.99),
(29, 'Consulta', 'Consulta', 1, 65.00),
(30, 'Vacunacion', 'Vacuna', 4, 430.20),

(31, 'Consulta', 'Consulta', 1, 150.00),
(32, 'Farmacia', 'Medicamento', 2, 75.80),
(33, 'Cirugia', 'Procedimiento', 1, 890.00),
(34, 'Vacunacion', 'Vacuna', 1, 240.00),
(35, 'Consulta', 'Consulta', 1, 33.50),
(36, 'Farmacia', 'Medicamento', 3, 1200.00),
(37, 'Emergencia', 'Otro', 2, 410.90),
(38, 'Procedimiento', 'Procedimiento', 1, 59.99),
(39, 'Consulta', 'Consulta', 1, 6700.00),
(40, 'Vacunacion', 'Vacuna', 5, 180.00),

(41, 'Consulta', 'Consulta', 1, 95.00),
(42, 'Farmacia', 'Medicamento', 2, 560.00),
(43, 'Cirugia', 'Procedimiento', 1, 310.50),
(44, 'Vacunacion', 'Vacuna', 1, 22.00),
(45, 'Consulta', 'Consulta', 1, 980.80),
(46, 'Farmacia', 'Medicamento', 3, 150.75),
(47, 'Emergencia', 'Otro', 1, 45.00),
(48, 'Procedimiento', 'Procedimiento', 2, 890.00),
(49, 'Consulta', 'Consulta', 1, 260.30),
(50, 'Vacunacion', 'Vacuna', 4, 1200.00),

(51, 'Consulta', 'Consulta', 1, 350.00),
(52, 'Farmacia', 'Medicamento', 2, 89.90),
(53, 'Laboratorio', 'Otro', 1, 1200.00),
(54, 'Consulta', 'Consulta', 3, 45.75),
(55, 'Cirugia', 'Procedimiento', 1, 670.20),
(56, 'Vacunacion', 'Vacuna', 2, 150.00),
(57, 'Emergencia', 'Otro', 1, 9800.00),
(58, 'Farmacia', 'Medicamento', 4, 33.40),
(59, 'Consulta', 'Consulta', 1, 410.00),
(60, 'Procedimiento', 'Procedimiento', 2, 760.90),

(61, 'Consulta', 'Consulta', 1, 125.00),
(62, 'Farmacia', 'Medicamento', 3, 540.60),
(63, 'Vacunacion', 'Vacuna', 1, 300.00),
(64, 'Consulta', 'Consulta', 2, 88.88),
(65, 'Laboratorio', 'Otro', 1, 999.99),
(66, 'Cirugia', 'Procedimiento', 1, 210.00),
(67, 'Consulta', 'Consulta', 1, 47.50),
(68, 'Farmacia', 'Medicamento', 2, 680.00),
(69, 'Vacunacion', 'Vacuna', 4, 320.30),
(70, 'Emergencia', 'Otro', 1, 1500.00),

(71, 'Consulta', 'Consulta', 1, 75.00),
(72, 'Farmacia', 'Medicamento', 2, 460.00),
(73, 'Cirugia', 'Procedimiento', 1, 890.50),
(74, 'Vacunacion', 'Vacuna', 3, 120.00),
(75, 'Laboratorio', 'Otro', 1, 3400.00),
(76, 'Consulta', 'Consulta', 2, 65.90),
(77, 'Farmacia', 'Medicamento', 1, 250.00),
(78, 'Vacunacion', 'Vacuna', 5, 980.00),
(79, 'Procedimiento', 'Procedimiento', 1, 410.75),
(80, 'Consulta', 'Consulta', 1, 150.50),

(81, 'Farmacia', 'Medicamento', 3, 670.00),
(82, 'Consulta', 'Consulta', 1, 88.00),
(83, 'Vacunacion', 'Vacuna', 2, 520.40),
(84, 'Laboratorio', 'Otro', 1, 999.00),
(85, 'Cirugia', 'Procedimiento', 1, 310.00),
(86, 'Consulta', 'Consulta', 1, 45.00),
(87, 'Farmacia', 'Medicamento', 2, 760.00),
(88, 'Vacunacion', 'Vacuna', 4, 120.99),
(89, 'Procedimiento', 'Procedimiento', 1, 550.50),
(90, 'Consulta', 'Consulta', 1, 2300.00),

(91, 'Emergencia', 'Otro', 1, 95.00),
(92, 'Consulta', 'Consulta', 2, 410.00),
(93, 'Farmacia', 'Medicamento', 3, 870.00),
(94, 'Vacunacion', 'Vacuna', 1, 260.00),
(95, 'Consulta', 'Consulta', 1, 33.00),
(96, 'Laboratorio', 'Otro', 1, 1200.00),
(97, 'Cirugia', 'Procedimiento', 2, 490.90),
(98, 'Consulta', 'Consulta', 1, 75.75),
(99, 'Farmacia', 'Medicamento', 4, 6700.00),
(100, 'Vacunacion', 'Vacuna', 1, 180.00),

(101, 'Consulta', 'Consulta', 1, 340.00),
(102, 'Farmacia', 'Medicamento', 2, 1250.50),
(103, 'Laboratorio', 'Otro', 1, 89.99),
(104, 'Emergencia', 'Consulta', 3, 560.00),
(105, 'Cirugia', 'Procedimiento', 1, 7800.00),
(106, 'Vacunacion', 'Vacuna', 2, 210.75),
(107, 'Consulta', 'Consulta', 1, 45.00),
(108, 'Farmacia', 'Medicamento', 4, 990.00),
(109, 'Laboratorio', 'Otro', 1, 310.40),
(110, 'Consulta', 'Consulta', 1, 150.00),

(111, 'Vacunacion', 'Vacuna', 3, 670.90),
(112, 'Emergencia', 'Otro', 2, 88.50),
(113, 'Consulta', 'Consulta', 1, 2400.00),
(114, 'Farmacia', 'Medicamento', 2, 530.00),
(115, 'Cirugia', 'Procedimiento', 1, 75.25),
(116, 'Consulta', 'Consulta', 1, 980.00),
(117, 'Vacunacion', 'Vacuna', 4, 410.60),
(118, 'Laboratorio', 'Otro', 1, 120.00),
(119, 'Emergencia', 'Consulta', 2, 3600.00),
(120, 'Farmacia', 'Medicamento', 1, 95.00),

(121, 'Consulta', 'Consulta', 1, 680.00),
(122, 'Vacunacion', 'Vacuna', 2, 250.00),
(123, 'Cirugia', 'Procedimiento', 1, 9900.00),
(124, 'Laboratorio', 'Otro', 3, 45.75),
(125, 'Consulta', 'Consulta', 1, 310.00),
(126, 'Farmacia', 'Medicamento', 2, 760.40),
(127, 'Emergencia', 'Consulta', 1, 150.90),
(128, 'Vacunacion', 'Vacuna', 4, 420.00),
(129, 'Consulta', 'Consulta', 1, 890.00),
(130, 'Laboratorio', 'Otro', 1, 65.00),

(131, 'Farmacia', 'Medicamento', 3, 1200.00),
(132, 'Consulta', 'Consulta', 1, 330.50),
(133, 'Vacunacion', 'Vacuna', 2, 480.00),
(134, 'Emergencia', 'Consulta', 1, 99.99),
(135, 'Cirugia', 'Procedimiento', 1, 2700.00),
(136, 'Laboratorio', 'Otro', 1, 145.00),
(137, 'Consulta', 'Consulta', 2, 560.75),
(138, 'Farmacia', 'Medicamento', 1, 820.00),
(139, 'Vacunacion', 'Vacuna', 4, 37.50),
(140, 'Emergencia', 'Consulta', 1, 410.00),

(141, 'Consulta', 'Consulta', 1, 999.00),
(142, 'Cirugia', 'Procedimiento', 2, 250.40),
(143, 'Farmacia', 'Medicamento', 1, 670.00),
(144, 'Laboratorio', 'Otro', 3, 120.99),
(145, 'Vacunacion', 'Vacuna', 1, 3400.00),
(146, 'Consulta', 'Consulta', 1, 85.00),
(147, 'Emergencia', 'Consulta', 2, 760.00),
(148, 'Farmacia', 'Medicamento', 4, 1500.00),
(149, 'Vacunacion', 'Vacuna', 1, 430.00),
(150, 'Laboratorio', 'Otro', 1, 95.50),

(151, 'Consulta', 'Consulta', 1, 310.00),
(152, 'Farmacia', 'Medicamento', 2, 125.75),
(153, 'Laboratorio', 'Otro', 1, 9800.00),
(154, 'Emergencia', 'Consulta', 3, 45.00),
(155, 'Cirugia', 'Procedimiento', 1, 670.90),
(156, 'Vacunacion', 'Vacuna', 2, 210.00),
(157, 'Consulta', 'Consulta', 1, 880.50),
(158, 'Farmacia', 'Medicamento', 4, 1500.00),
(159, 'Laboratorio', 'Otro', 1, 95.00),
(160, 'Emergencia', 'Consulta', 1, 430.25),

(161, 'Vacunacion', 'Vacuna', 3, 760.00),
(162, 'Consulta', 'Consulta', 2, 320.40),
(163, 'Farmacia', 'Medicamento', 1, 120.00),
(164, 'Cirugia', 'Procedimiento', 1, 990.99),
(165, 'Laboratorio', 'Otro', 1, 55.50),
(166, 'Emergencia', 'Consulta', 2, 2400.00),
(167, 'Consulta', 'Consulta', 1, 410.00),
(168, 'Vacunacion', 'Vacuna', 4, 680.75),
(169, 'Farmacia', 'Medicamento', 1, 88.00),
(170, 'Laboratorio', 'Otro', 1, 3500.00),

(171, 'Consulta', 'Consulta', 1, 125.00),
(172, 'Emergencia', 'Consulta', 2, 540.00),
(173, 'Vacunacion', 'Vacuna', 1, 9999.99),
(174, 'Farmacia', 'Medicamento', 3, 45.75),
(175, 'Cirugia', 'Procedimiento', 1, 310.00),
(176, 'Consulta', 'Consulta', 1, 760.90),
(177, 'Laboratorio', 'Otro', 2, 150.00),
(178, 'Vacunacion', 'Vacuna', 4, 420.50),
(179, 'Emergencia', 'Consulta', 1, 890.00),
(180, 'Farmacia', 'Medicamento', 1, 65.00),

(181, 'Consulta', 'Consulta', 1, 1200.00),
(182, 'Cirugia', 'Procedimiento', 2, 330.00),
(183, 'Vacunacion', 'Vacuna', 1, 480.75),
(184, 'Laboratorio', 'Otro', 1, 99.00),
(185, 'Emergencia', 'Consulta', 3, 2700.00),
(186, 'Farmacia', 'Medicamento', 1, 145.50),
(187, 'Consulta', 'Consulta', 1, 560.00),
(188, 'Vacunacion', 'Vacuna', 4, 820.90),
(189, 'Laboratorio', 'Otro', 1, 37.00),
(190, 'Emergencia', 'Consulta', 1, 410.75),

(191, 'Farmacia', 'Medicamento', 2, 999.50),
(192, 'Consulta', 'Consulta', 1, 250.00),
(193, 'Vacunacion', 'Vacuna', 3, 670.25),
(194, 'Cirugia', 'Procedimiento', 1, 120.00),
(195, 'Laboratorio', 'Otro', 1, 3400.00),
(196, 'Emergencia', 'Consulta', 2, 85.75),
(197, 'Consulta', 'Consulta', 1, 760.00),
(198, 'Vacunacion', 'Vacuna', 4, 1500.00),
(199, 'Farmacia', 'Medicamento', 1, 430.40),
(200, 'Laboratorio', 'Otro', 1, 95.00),

(201, 'Consulta', 'Consulta', 1, 320.00),
(202, 'Farmacia', 'Medicamento', 2, 140.75),
(203, 'Laboratorio', 'Otro', 1, 8900.00),
(204, 'Emergencia', 'Consulta', 3, 55.00),
(205, 'Cirugia', 'Procedimiento', 1, 670.40),
(206, 'Vacunacion', 'Vacuna', 2, 210.00),
(207, 'Consulta', 'Consulta', 1, 880.00),
(208, 'Farmacia', 'Medicamento', 4, 1500.00),
(209, 'Laboratorio', 'Otro', 1, 95.50),
(210, 'Emergencia', 'Consulta', 1, 430.00),

(211, 'Vacunacion', 'Vacuna', 3, 760.25),
(212, 'Consulta', 'Consulta', 2, 320.00),
(213, 'Farmacia', 'Medicamento', 1, 120.75),
(214, 'Cirugia', 'Procedimiento', 1, 990.00),
(215, 'Laboratorio', 'Otro', 1, 60.00),
(216, 'Emergencia', 'Consulta', 2, 2400.00),
(217, 'Consulta', 'Consulta', 1, 410.90),
(218, 'Vacunacion', 'Vacuna', 4, 680.00),
(219, 'Farmacia', 'Medicamento', 1, 88.50),
(220, 'Laboratorio', 'Otro', 1, 3500.00),

(221, 'Consulta', 'Consulta', 1, 125.75),
(222, 'Emergencia', 'Consulta', 2, 540.00),
(223, 'Vacunacion', 'Vacuna', 1, 9999.99),
(224, 'Farmacia', 'Medicamento', 3, 45.00),
(225, 'Cirugia', 'Procedimiento', 1, 310.50),
(226, 'Consulta', 'Consulta', 1, 760.00),
(227, 'Laboratorio', 'Otro', 2, 150.90),
(228, 'Vacunacion', 'Vacuna', 4, 420.00),
(229, 'Emergencia', 'Consulta', 1, 890.50),
(230, 'Farmacia', 'Medicamento', 1, 65.75),

(231, 'Consulta', 'Consulta', 1, 1200.00),
(232, 'Cirugia', 'Procedimiento', 2, 330.90),
(233, 'Vacunacion', 'Vacuna', 1, 480.00),
(234, 'Laboratorio', 'Otro', 1, 99.75),
(235, 'Emergencia', 'Consulta', 3, 2700.00),
(236, 'Farmacia', 'Medicamento', 1, 145.00),
(237, 'Consulta', 'Consulta', 2, 560.75),
(238, 'Vacunacion', 'Vacuna', 1, 820.00),
(239, 'Laboratorio', 'Otro', 4, 37.90),
(240, 'Emergencia', 'Consulta', 1, 410.00),

(241, 'Consulta', 'Consulta', 1, 999.00),
(242, 'Cirugia', 'Procedimiento', 2, 250.40),
(243, 'Farmacia', 'Medicamento', 1, 670.00),
(244, 'Laboratorio', 'Otro', 3, 120.99),
(245, 'Vacunacion', 'Vacuna', 1, 3400.00),
(246, 'Emergencia', 'Consulta', 1, 85.00),
(247, 'Consulta', 'Consulta', 2, 760.00),
(248, 'Vacunacion', 'Vacuna', 4, 1500.00),
(249, 'Farmacia', 'Medicamento', 1, 430.00),
(250, 'Laboratorio', 'Otro', 1, 95.50),

(251, 'Consulta', 'Consulta', 1, 310.00),
(252, 'Farmacia', 'Medicamento', 2, 145.75),
(253, 'Laboratorio', 'Otro', 1, 8800.00),
(254, 'Emergencia', 'Consulta', 3, 60.00),
(255, 'Cirugia', 'Procedimiento', 1, 670.90),
(256, 'Vacunacion', 'Vacuna', 2, 210.50),
(257, 'Consulta', 'Consulta', 1, 900.00),
(258, 'Farmacia', 'Medicamento', 4, 1500.00),
(259, 'Laboratorio', 'Otro', 1, 95.00),
(260, 'Emergencia', 'Consulta', 1, 430.80),

(261, 'Vacunacion', 'Vacuna', 3, 760.00),
(262, 'Consulta', 'Consulta', 2, 320.40),
(263, 'Farmacia', 'Medicamento', 1, 120.00),
(264, 'Cirugia', 'Procedimiento', 1, 990.99),
(265, 'Laboratorio', 'Otro', 1, 55.00),
(266, 'Emergencia', 'Consulta', 2, 2400.00),
(267, 'Consulta', 'Consulta', 1, 410.00),
(268, 'Vacunacion', 'Vacuna', 4, 680.75),
(269, 'Farmacia', 'Medicamento', 1, 88.00),
(270, 'Laboratorio', 'Otro', 1, 3500.00),

(271, 'Consulta', 'Consulta', 1, 125.00),
(272, 'Emergencia', 'Consulta', 2, 540.00),
(273, 'Vacunacion', 'Vacuna', 1, 9999.99),
(274, 'Farmacia', 'Medicamento', 3, 45.75),
(275, 'Cirugia', 'Procedimiento', 1, 310.00),
(276, 'Consulta', 'Consulta', 1, 760.90),
(277, 'Laboratorio', 'Otro', 2, 150.00),
(278, 'Vacunacion', 'Vacuna', 4, 420.50),
(279, 'Emergencia', 'Consulta', 1, 890.00),
(280, 'Farmacia', 'Medicamento', 1, 65.00),

(281, 'Consulta', 'Consulta', 1, 1200.00),
(282, 'Cirugia', 'Procedimiento', 2, 330.00),
(283, 'Vacunacion', 'Vacuna', 1, 480.75),
(284, 'Laboratorio', 'Otro', 1, 99.00),
(285, 'Emergencia', 'Consulta', 3, 2700.00),
(286, 'Farmacia', 'Medicamento', 1, 145.50),
(287, 'Consulta', 'Consulta', 1, 560.00),
(288, 'Vacunacion', 'Vacuna', 4, 820.90),
(289, 'Laboratorio', 'Otro', 1, 37.00),
(290, 'Emergencia', 'Consulta', 1, 410.75),

(291, 'Farmacia', 'Medicamento', 2, 999.50),
(292, 'Consulta', 'Consulta', 1, 250.00),
(293, 'Vacunacion', 'Vacuna', 3, 670.25),
(294, 'Cirugia', 'Procedimiento', 1, 120.00),
(295, 'Laboratorio', 'Otro', 1, 3400.00),
(296, 'Emergencia', 'Consulta', 2, 85.75),
(297, 'Consulta', 'Consulta', 1, 760.00),
(298, 'Vacunacion', 'Vacuna', 4, 1500.00),
(299, 'Farmacia', 'Medicamento', 1, 430.40),
(300, 'Laboratorio', 'Otro', 1, 95.00),

(301, 'Consulta', 'Consulta', 1, 320.00),
(302, 'Farmacia', 'Medicamento', 2, 150.75),
(303, 'Laboratorio', 'Otro', 1, 8700.00),
(304, 'Emergencia', 'Consulta', 3, 65.00),
(305, 'Cirugia', 'Procedimiento', 1, 680.90),
(306, 'Vacunacion', 'Vacuna', 2, 220.50),
(307, 'Consulta', 'Consulta', 1, 910.00),
(308, 'Farmacia', 'Medicamento', 4, 1500.00),
(309, 'Laboratorio', 'Otro', 1, 98.00),
(310, 'Emergencia', 'Consulta', 1, 440.80),

(311, 'Vacunacion', 'Vacuna', 3, 770.00),
(312, 'Consulta', 'Consulta', 2, 330.40),
(313, 'Farmacia', 'Medicamento', 1, 130.00),
(314, 'Cirugia', 'Procedimiento', 1, 995.99),
(315, 'Laboratorio', 'Otro', 1, 58.00),
(316, 'Emergencia', 'Consulta', 2, 2450.00),
(317, 'Consulta', 'Consulta', 1, 415.00),
(318, 'Vacunacion', 'Vacuna', 4, 690.75),
(319, 'Farmacia', 'Medicamento', 1, 90.00),
(320, 'Laboratorio', 'Otro', 1, 3600.00),

(321, 'Consulta', 'Consulta', 1, 130.00),
(322, 'Emergencia', 'Consulta', 2, 550.00),
(323, 'Vacunacion', 'Vacuna', 1, 9800.00),
(324, 'Farmacia', 'Medicamento', 3, 47.75),
(325, 'Cirugia', 'Procedimiento', 1, 315.00),
(326, 'Consulta', 'Consulta', 1, 770.90),
(327, 'Laboratorio', 'Otro', 2, 155.00),
(328, 'Vacunacion', 'Vacuna', 4, 430.50),
(329, 'Emergencia', 'Consulta', 1, 895.00),
(330, 'Farmacia', 'Medicamento', 1, 68.00),

(331, 'Consulta', 'Consulta', 1, 1220.00),
(332, 'Cirugia', 'Procedimiento', 2, 340.00),
(333, 'Vacunacion', 'Vacuna', 1, 490.75),
(334, 'Laboratorio', 'Otro', 1, 101.00),
(335, 'Emergencia', 'Consulta', 3, 2750.00),
(336, 'Farmacia', 'Medicamento', 1, 150.50),
(337, 'Consulta', 'Consulta', 2, 570.00),
(338, 'Vacunacion', 'Vacuna', 1, 830.90),
(339, 'Laboratorio', 'Otro', 4, 40.00),
(340, 'Emergencia', 'Consulta', 1, 420.75),

(341, 'Consulta', 'Consulta', 1, 1010.00),
(342, 'Cirugia', 'Procedimiento', 2, 260.00),
(343, 'Farmacia', 'Medicamento', 1, 680.25),
(344, 'Vacunacion', 'Vacuna', 1, 130.00),
(345, 'Laboratorio', 'Otro', 1, 3450.00),
(346, 'Emergencia', 'Consulta', 2, 90.75),
(347, 'Consulta', 'Consulta', 1, 770.00),
(348, 'Vacunacion', 'Vacuna', 4, 1520.00),
(349, 'Farmacia', 'Medicamento', 1, 440.00),
(350, 'Laboratorio', 'Otro', 1, 100.50),

(351, 'Consulta', 'Consulta', 1, 330.00),
(352, 'Farmacia', 'Medicamento', 2, 160.75),
(353, 'Laboratorio', 'Otro', 1, 8600.00),
(354, 'Emergencia', 'Consulta', 3, 70.00),
(355, 'Cirugia', 'Procedimiento', 1, 690.90),
(356, 'Vacunacion', 'Vacuna', 2, 230.50),
(357, 'Consulta', 'Consulta', 1, 920.00),
(358, 'Farmacia', 'Medicamento', 4, 1500.00),
(359, 'Laboratorio', 'Otro', 1, 100.00),
(360, 'Emergencia', 'Consulta', 1, 450.80),

(361, 'Vacunacion', 'Vacuna', 3, 780.00),
(362, 'Consulta', 'Consulta', 2, 340.40),
(363, 'Farmacia', 'Medicamento', 1, 140.00),
(364, 'Cirugia', 'Procedimiento', 1, 1000.00),
(365, 'Laboratorio', 'Otro', 1, 60.00),
(366, 'Emergencia', 'Consulta', 2, 2500.00),
(367, 'Consulta', 'Consulta', 1, 420.00),
(368, 'Vacunacion', 'Vacuna', 4, 700.75),
(369, 'Farmacia', 'Medicamento', 1, 92.00),
(370, 'Laboratorio', 'Otro', 1, 3700.00),

(371, 'Consulta', 'Consulta', 1, 135.00),
(372, 'Emergencia', 'Consulta', 2, 560.00),
(373, 'Vacunacion', 'Vacuna', 1, 9700.00),
(374, 'Farmacia', 'Medicamento', 3, 50.75),
(375, 'Cirugia', 'Procedimiento', 1, 320.00),
(376, 'Consulta', 'Consulta', 1, 780.90),
(377, 'Laboratorio', 'Otro', 2, 160.00),
(378, 'Vacunacion', 'Vacuna', 4, 440.50),
(379, 'Emergencia', 'Consulta', 1, 900.00),
(380, 'Farmacia', 'Medicamento', 1, 70.00),

(381, 'Consulta', 'Consulta', 1, 1240.00),
(382, 'Cirugia', 'Procedimiento', 2, 350.00),
(383, 'Vacunacion', 'Vacuna', 1, 500.75),
(384, 'Laboratorio', 'Otro', 1, 105.00),
(385, 'Emergencia', 'Consulta', 3, 2800.00),
(386, 'Farmacia', 'Medicamento', 1, 155.50),
(387, 'Consulta', 'Consulta', 1, 580.00),
(388, 'Vacunacion', 'Vacuna', 4, 840.90),
(389, 'Laboratorio', 'Otro', 1, 42.00),
(390, 'Emergencia', 'Consulta', 1, 430.75),

(391, 'Consulta', 'Consulta', 1, 1020.00),
(392, 'Cirugia', 'Procedimiento', 2, 270.00),
(393, 'Farmacia', 'Medicamento', 1, 690.25),
(394, 'Vacunacion', 'Vacuna', 1, 140.00),
(395, 'Laboratorio', 'Otro', 1, 3500.00),
(396, 'Emergencia', 'Consulta', 2, 95.75),
(397, 'Consulta', 'Consulta', 1, 780.00),
(398, 'Vacunacion', 'Vacuna', 4, 1540.00),
(399, 'Farmacia', 'Medicamento', 1, 450.00),
(400, 'Laboratorio', 'Otro', 1, 110.50);

insert into procedimiento_diagnostico (id_diagnostico, id_procedimiento, observaciones, fecha_programada, precio_historico) values

(1, 5, 'Control post diagnóstico', '2024-02-10', 45.00),
(2, 12, 'Evaluación pre procedimiento', '2024-03-18', 120.50),
(3, 8, 'Seguimiento clínico', '2024-04-22', 300.00),
(4, 20, 'Revisión general', '2024-05-10', 15.75),
(5, 33, 'Aplicación de tratamiento', '2024-06-01', 980.00),
(6, 14, 'Control de evolución', '2024-07-15', 250.40),
(7, 9, 'Chequeo especializado', '2024-08-02', 75.00),
(8, 27, 'Monitoreo del paciente', '2024-09-12', 640.90),
(9, 3, 'Evaluación de respuesta', '2024-10-05', 35.20),
(10, 18, 'Seguimiento general', '2024-11-20', 1500.00),

(11, 7, 'Control clínico', '2024-01-14', 420.00),
(12, 22, 'Evaluación inicial', '2024-02-28', 18.99),
(13, 30, 'Revisión médica', '2024-03-19', 890.30),
(14, 11, 'Control de tratamiento', '2024-04-25', 60.00),
(15, 25, 'Seguimiento diagnóstico', '2024-05-30', 305.75),
(16, 6, 'Monitoreo avanzado', '2024-06-18', 999.99),
(17, 15, 'Evaluación secundaria', '2024-07-09', 110.00),
(18, 19, 'Control post cirugía', '2024-08-21', 750.50),
(19, 2, 'Revisión de evolución', '2024-09-30', 45.30),
(20, 31, 'Seguimiento rutinario', '2024-10-14', 2400.00),

(21, 10, 'Control clínico general', '2025-01-11', 380.00),
(22, 13, 'Evaluación médica', '2025-02-16', 25.00),
(23, 28, 'Seguimiento diagnóstico', '2025-03-05', 670.40),
(24, 16, 'Revisión post tratamiento', '2025-04-09', 88.90),
(25, 4, 'Monitoreo clínico', '2025-05-22', 120.00),
(26, 21, 'Control especializado', '2025-06-14', 540.75),
(27, 17, 'Evaluación de progreso', '2025-07-01', 310.00),
(28, 29, 'Seguimiento avanzado', '2025-08-19', 999.99),
(29, 1, 'Revisión general', '2025-09-03', 65.00),
(30, 23, 'Control post diagnóstico', '2025-10-10', 430.20),

(31, 26, 'Evaluación clínica', '2025-01-28', 150.00),
(32, 32, 'Seguimiento médico', '2025-02-14', 75.80),
(33, 38, 'Control especializado', '2025-03-30', 890.00),
(34, 24, 'Revisión general', '2025-04-17', 240.00),
(35, 35, 'Evaluación de tratamiento', '2025-05-06', 33.50),
(36, 39, 'Monitoreo clínico', '2025-06-25', 1200.00),
(37, 5, 'Seguimiento diagnóstico', '2025-07-14', 410.90),
(38, 12, 'Control de evolución', '2025-08-03', 59.99),
(39, 8, 'Evaluación médica', '2025-09-21', 6700.00),
(40, 27, 'Revisión post procedimiento', '2025-10-11', 180.00),

(41, 14, 'Control clínico', '2025-01-09', 95.00),
(42, 9, 'Seguimiento general', '2025-02-22', 560.00),
(43, 20, 'Evaluación avanzada', '2025-03-18', 310.50),
(44, 33, 'Control post diagnóstico', '2025-04-07', 22.00),
(45, 7, 'Revisión médica', '2025-05-25', 980.80),
(46, 18, 'Seguimiento clínico', '2025-06-13', 150.75),
(47, 22, 'Evaluación de evolución', '2025-07-29', 45.00),
(48, 30, 'Control especializado', '2025-08-16', 890.00),
(49, 11, 'Monitoreo del caso', '2025-09-08', 260.30),
(50, 25, 'Seguimiento final', '2025-10-30', 1200.00),

(51, 6, 'Control clínico', '2025-02-10', 350.00),
(52, 14, 'Seguimiento médico', '2025-03-18', 89.90),
(53, 21, 'Evaluación post tratamiento', '2025-04-22', 1200.00),
(54, 3, 'Revisión general', '2025-05-10', 45.75),
(55, 27, 'Control especializado', '2025-06-01', 670.20),
(56, 11, 'Monitoreo clínico', '2025-07-15', 150.00),
(57, 33, 'Seguimiento diagnóstico', '2025-08-02', 9800.00),
(58, 8, 'Evaluación de evolución', '2025-09-12', 33.40),
(59, 19, 'Control post procedimiento', '2025-10-05', 410.00),
(60, 12, 'Seguimiento general', '2025-11-20', 760.90),

(61, 5, 'Control clínico', '2024-01-14', 125.00),
(62, 22, 'Evaluación inicial', '2024-02-28', 540.60),
(63, 30, 'Revisión médica', '2024-03-19', 300.00),
(64, 16, 'Monitoreo del caso', '2024-04-25', 88.88),
(65, 9, 'Seguimiento diagnóstico', '2024-05-30', 999.99),
(66, 25, 'Control especializado', '2024-06-18', 210.00),
(67, 18, 'Evaluación de progreso', '2024-07-09', 47.50),
(68, 39, 'Revisión post tratamiento', '2024-08-21', 680.00),
(69, 2, 'Control clínico general', '2024-09-30', 320.30),
(70, 31, 'Seguimiento avanzado', '2024-10-14', 1500.00),

(71, 10, 'Evaluación médica', '2025-01-28', 75.00),
(72, 13, 'Control de evolución', '2025-02-14', 460.00),
(73, 28, 'Seguimiento diagnóstico', '2025-03-30', 890.50),
(74, 24, 'Revisión general', '2025-04-17', 120.00),
(75, 35, 'Monitoreo clínico', '2025-05-06', 3400.00),
(76, 4, 'Control post diagnóstico', '2025-06-25', 65.90),
(77, 17, 'Evaluación clínica', '2025-07-14', 250.00),
(78, 29, 'Seguimiento médico', '2025-08-03', 980.00),
(79, 1, 'Revisión especializada', '2025-09-21', 410.75),
(80, 23, 'Control final', '2025-10-11', 150.50),

(81, 26, 'Evaluación general', '2025-01-09', 670.00),
(82, 32, 'Seguimiento clínico', '2025-02-22', 88.00),
(83, 38, 'Control avanzado', '2025-03-18', 520.40),
(84, 20, 'Revisión médica', '2025-04-07', 999.00),
(85, 15, 'Monitoreo del caso', '2025-05-25', 310.00),
(86, 7, 'Seguimiento diagnóstico', '2025-06-13', 45.00),
(87, 21, 'Evaluación post procedimiento', '2025-07-29', 760.00),
(88, 12, 'Control clínico', '2025-08-16', 120.99),
(89, 34, 'Seguimiento médico', '2025-09-08', 550.50),
(90, 6, 'Revisión general', '2025-10-30', 2300.00),

(91, 18, 'Evaluación de evolución', '2025-01-11', 95.00),
(92, 27, 'Control especializado', '2025-02-16', 410.00),
(93, 3, 'Seguimiento clínico', '2025-03-05', 870.00),
(94, 40, 'Revisión médica', '2025-04-09', 260.00),
(95, 11, 'Control post tratamiento', '2025-05-22', 33.00),
(96, 25, 'Evaluación general', '2025-06-14', 1200.00),
(97, 9, 'Seguimiento diagnóstico', '2025-07-01', 490.90),
(98, 14, 'Control clínico', '2025-08-19', 75.75),
(99, 22, 'Revisión especializada', '2025-09-30', 6700.00),
(100, 30, 'Seguimiento final', '2025-10-14', 180.00),

(101, 7, 'Control clínico general', '2024-02-10', 340.00),
(102, 14, 'Seguimiento post diagnóstico', '2024-03-18', 1250.50),
(103, 21, 'Evaluación médica', '2024-04-22', 89.99),
(104, 3, 'Revisión general', '2024-05-10', 560.00),
(105, 27, 'Control especializado', '2024-06-01', 7800.00),
(106, 11, 'Monitoreo clínico', '2024-07-15', 210.75),
(107, 33, 'Seguimiento diagnóstico', '2024-08-02', 45.00),
(108, 8, 'Evaluación de evolución', '2024-09-12', 990.00),
(109, 19, 'Control post procedimiento', '2024-10-05', 310.40),
(110, 12, 'Seguimiento general', '2024-11-20', 150.00),

(111, 5, 'Control clínico', '2024-01-14', 670.90),
(112, 22, 'Evaluación inicial', '2024-02-28', 88.50),
(113, 30, 'Revisión médica', '2024-03-19', 2400.00),
(114, 16, 'Monitoreo del caso', '2024-04-25', 530.00),
(115, 9, 'Seguimiento diagnóstico', '2024-05-30', 75.25),
(116, 25, 'Control especializado', '2024-06-18', 980.00),
(117, 18, 'Evaluación de progreso', '2024-07-09', 410.60),
(118, 39, 'Revisión post tratamiento', '2024-08-21', 120.00),
(119, 2, 'Control clínico general', '2024-09-30', 3600.00),
(120, 31, 'Seguimiento avanzado', '2024-10-14', 95.00),

(121, 10, 'Evaluación médica', '2025-01-28', 680.00),
(122, 13, 'Control de evolución', '2025-02-14', 250.00),
(123, 28, 'Seguimiento diagnóstico', '2025-03-30', 9900.00),
(124, 24, 'Revisión general', '2025-04-17', 45.75),
(125, 35, 'Monitoreo clínico', '2025-05-06', 310.00),
(126, 4, 'Control post diagnóstico', '2025-06-25', 760.40),
(127, 17, 'Evaluación clínica', '2025-07-14', 150.90),
(128, 29, 'Seguimiento médico', '2025-08-03', 420.00),
(129, 1, 'Revisión especializada', '2025-09-21', 890.00),
(130, 23, 'Control final', '2025-10-11', 65.00),

(131, 26, 'Evaluación general', '2025-01-09', 1200.00),
(132, 32, 'Seguimiento clínico', '2025-02-22', 330.50),
(133, 38, 'Control avanzado', '2025-03-18', 480.00),
(134, 20, 'Revisión médica', '2025-04-07', 99.99),
(135, 15, 'Monitoreo del caso', '2025-05-25', 2700.00),
(136, 7, 'Seguimiento diagnóstico', '2025-06-13', 145.00),
(137, 21, 'Evaluación post procedimiento', '2025-07-29', 560.75),
(138, 12, 'Control clínico', '2025-08-16', 820.00),
(139, 34, 'Seguimiento médico', '2025-09-08', 37.50),
(140, 6, 'Revisión general', '2025-10-30', 410.00),

(141, 18, 'Evaluación de evolución', '2025-01-11', 999.00),
(142, 27, 'Control especializado', '2025-02-16', 250.40),
(143, 3, 'Seguimiento clínico', '2025-03-05', 670.00),
(144, 40, 'Revisión médica', '2025-04-09', 120.99),
(145, 11, 'Control post tratamiento', '2025-05-22', 3400.00),
(146, 25, 'Evaluación general', '2025-06-14', 85.00),
(147, 9, 'Seguimiento diagnóstico', '2025-07-01', 760.00),
(148, 14, 'Control clínico', '2025-08-19', 1500.00),
(149, 22, 'Revisión especializada', '2025-09-30', 430.00),
(150, 30, 'Seguimiento final', '2025-10-14', 95.50),

(151, 6, 'Control clínico', '2024-01-18', 350.00),
(152, 14, 'Seguimiento médico', '2024-02-12', 125.75),
(153, 21, 'Evaluación post diagnóstico', '2024-03-25', 9800.00),
(154, 3, 'Revisión general', '2024-04-10', 45.00),
(155, 27, 'Control especializado', '2024-05-22', 670.90),
(156, 11, 'Monitoreo clínico', '2024-06-14', 210.00),
(157, 33, 'Seguimiento diagnóstico', '2024-07-03', 880.50),
(158, 8, 'Evaluación de evolución', '2024-08-19', 1500.00),
(159, 19, 'Control post procedimiento', '2024-09-08', 95.00),
(160, 12, 'Seguimiento general', '2024-10-30', 430.25),

(161, 5, 'Control clínico', '2025-01-11', 760.00),
(162, 22, 'Evaluación inicial', '2025-02-16', 320.40),
(163, 30, 'Revisión médica', '2025-03-05', 120.00),
(164, 16, 'Monitoreo del caso', '2025-04-09', 990.99),
(165, 9, 'Seguimiento diagnóstico', '2025-05-22', 55.50),
(166, 25, 'Control especializado', '2025-06-14', 2400.00),
(167, 18, 'Evaluación de progreso', '2025-07-01', 410.00),
(168, 39, 'Revisión post tratamiento', '2025-08-19', 680.75),
(169, 2, 'Control clínico general', '2025-09-30', 88.00),
(170, 31, 'Seguimiento avanzado', '2025-10-14', 3500.00),

(171, 10, 'Evaluación médica', '2024-02-10', 125.00),
(172, 13, 'Control de evolución', '2024-03-18', 540.00),
(173, 28, 'Seguimiento diagnóstico', '2024-04-22', 9999.99),
(174, 24, 'Revisión general', '2024-05-10', 45.75),
(175, 35, 'Monitoreo clínico', '2024-06-01', 310.00),
(176, 4, 'Control post diagnóstico', '2024-07-15', 760.90),
(177, 17, 'Evaluación clínica', '2024-08-02', 150.00),
(178, 29, 'Seguimiento médico', '2024-09-12', 820.50),
(179, 1, 'Revisión especializada', '2024-10-05', 37.00),
(180, 23, 'Control final', '2024-11-20', 410.75),

(181, 26, 'Evaluación general', '2025-01-28', 1200.00),
(182, 32, 'Seguimiento clínico', '2025-02-14', 330.00),
(183, 38, 'Control avanzado', '2025-03-30', 480.75),
(184, 20, 'Revisión médica', '2025-04-17', 99.00),
(185, 15, 'Monitoreo del caso', '2025-05-06', 2700.00),
(186, 7, 'Seguimiento diagnóstico', '2025-06-25', 145.50),
(187, 21, 'Evaluación post procedimiento', '2025-07-14', 560.00),
(188, 12, 'Control clínico', '2025-08-03', 820.90),
(189, 34, 'Seguimiento médico', '2025-09-21', 42.00),
(190, 6, 'Revisión general', '2025-10-11', 410.75),

(191, 18, 'Evaluación de evolución', '2025-01-09', 999.50),
(192, 27, 'Control especializado', '2025-02-22', 250.00),
(193, 3, 'Seguimiento clínico', '2025-03-18', 670.25),
(194, 40, 'Revisión médica', '2025-04-07', 120.00),
(195, 11, 'Control post tratamiento', '2025-05-25', 3400.00),
(196, 25, 'Evaluación general', '2025-06-13', 85.75),
(197, 9, 'Seguimiento diagnóstico', '2025-07-29', 760.00),
(198, 14, 'Control clínico', '2025-08-16', 1500.00),
(199, 22, 'Revisión especializada', '2025-09-08', 430.40),
(200, 30, 'Seguimiento final', '2025-10-30', 95.00);

insert into tratamiento_medicamento(id_tratamiento, id_medicamento, dosis, frecuencia, indicaciones, cantidad_prescrita, precio_historico) values

(1, 3, '1 tableta', 'cada 12h', 'Uso oral', 10, 12.50),
(1, 14, '5 ml', 'cada 24h', 'Con alimento', 7, 9.80),
(1, 22, '1 cápsula', 'cada 8h', 'Ayunas', 15, 24.50),
(4, 5, '2 ml', 'cada 8h', 'Aplicación directa', 8, 11.40),
(4, 19, '1 cápsula', 'cada 12h', 'Después de comer', 12, 15.60),
(7, 6, '5 ml', 'cada 24h', 'Control infección', 6, 8.90),
(7, 11, '1 tableta', 'cada 8h', 'Uso oral', 9, 10.20),
(10, 2, '2 ml', 'cada 12h', 'Aplicación veterinaria', 5, 13.70),
(10, 4, '1 cápsula', 'cada 24h', 'Con alimento', 14, 16.80),
(10, 25, '1 tableta', 'cada 12h', 'Vía oral', 20, 30.00),

(12, 9, '5 ml', 'cada 12h', 'Tratamiento leve', 8, 12.10),
(12, 18, '1 tableta', 'cada 24h', 'Control dolor', 10, 18.40),
(15, 1, '2 ml', 'cada 8h', 'Uso oral', 7, 9.30),
(15, 15, '1 cápsula', 'cada 12h', 'Después de comer', 11, 14.90),
(18, 21, '5 ml', 'cada 24h', 'Aplicación directa', 6, 17.20),
(18, 7, '1 tableta', 'cada 12h', 'Con alimento', 10, 11.00),
(22, 12, '2 ml', 'cada 8h', 'Control infección', 8, 13.50),
(22, 13, '1 cápsula', 'cada 24h', 'Uso oral', 9, 10.80),
(22, 24, '5 ml', 'cada 12h', 'Agitar antes de usar', 5, 21.10),
(25, 8, '5 ml', 'cada 12h', 'Tratamiento general', 12, 15.30),

(25, 16, '1 tableta', 'cada 24h', 'Con alimento', 7, 12.40),
(28, 23, '2 ml', 'cada 8h', 'Aplicación directa', 6, 9.90),
(28, 10, '1 cápsula', 'cada 12h', 'Después de comer', 11, 14.20),
(31, 17, '1 tableta', 'cada 8h', 'Uso oral', 14, 19.50),
(31, 20, '5 ml', 'cada 24h', 'Diluir en agua', 10, 8.50),
(34, 3, '1 cápsula', 'cada 12h', 'Con las comidas', 15, 13.20),
(34, 14, '2 ml', 'cada 6h', 'Uso cutáneo', 5, 16.00),
(34, 9, '1 tableta', 'cada 24h', 'No duplicar dosis', 30, 25.40),
(37, 22, '5 ml', 'cada 12h', 'Vía oral', 8, 11.10),
(37, 5, '1 tableta', 'cada 8h', 'Protector gástrico', 20, 14.70),

(40, 11, '1 tableta', 'cada 12h', 'Uso oral', 10, 9.99),
(40, 15, '2 ml', 'cada 24h', 'No exponer al sol', 4, 35.00),
(42, 1, '1 cápsula', 'cada 8h', 'Antes de dormir', 7, 18.20),
(42, 6, '1 tableta', 'cada 24h', 'Con abundante agua', 10, 7.50),
(45, 19, '2 ml', 'cada 8h', 'Aplicar en zona', 12, 14.30),
(45, 25, '1 cápsula', 'cada 12h', 'Después de comer', 14, 22.10),
(48, 4, '1 tableta', 'cada 24h', 'Uso oral', 30, 10.50),
(48, 13, '5 ml', 'cada 8h', 'Control malestar', 9, 15.00),
(2, 18, '1 tableta', 'cada 12h', 'Uso oral', 10, 13.40),
(3, 7, '2 ml', 'cada 24h', 'Vía tópica', 5, 9.20),

(5, 21, '1 cápsula', 'cada 8h', 'Con alimentos', 12, 16.50),
(6, 10, '5 ml', 'cada 12h', 'Uso veterinario', 8, 11.00),
(8, 23, '1 tableta', 'cada 24h', 'Ayunas', 15, 14.20),
(9, 12, '1 cápsula', 'cada 12h', 'Uso oral', 10, 18.90),
(13, 8, '5 ml', 'cada 24h', 'Mantener frío', 11, 20.00),
(14, 24, '1 tableta', 'cada 12h', 'Con agua', 20, 12.30),
(17, 20, '2 ml', 'cada 24h', 'Aplicar por la noche', 5, 22.40),
(19, 15, '1 tableta', 'cada 12h', 'No masticar', 10, 11.60),
(20, 3, '5 ml', 'cada 8h', 'Control sintomático', 7, 9.10),
(50, 25, '1 tableta', 'cada 24h', 'Dosis única', 30, 28.00),

(2, 4, '1 cápsula', 'cada 12h', 'Con las comidas', 15, 14.20),
(2, 9, '5 ml', 'cada 8h', 'Uso oral', 8, 11.50),
(5, 12, '1 tableta', 'cada 24h', 'Ayunas', 10, 9.90),
(5, 18, '2 ml', 'cada 12h', 'Aplicación directa', 6, 13.40),
(8, 1, '1 tableta', 'cada 8h', 'Uso oral', 12, 10.50),
(8, 15, '5 ml', 'cada 24h', 'Con abundante agua', 7, 16.80),
(11, 7, '1 cápsula', 'cada 12h', 'Después de comer', 14, 22.00),
(11, 23, '2 ml', 'cada 8h', 'Uso cutáneo', 5, 8.50),
(14, 3, '1 tableta', 'cada 12h', 'Vía oral', 20, 11.20),
(14, 20, '5 ml', 'cada 24h', 'No duplicar dosis', 10, 15.30),

(3, 5, '2 ml', 'cada 8h', 'Control infección', 9, 12.60),
(3, 11, '1 tableta', 'cada 12h', 'Uso oral', 15, 10.00),
(3, 24, '1 cápsula', 'cada 24h', 'Antes de dormir', 7, 19.50),
(6, 2, '5 ml', 'cada 12h', 'Agitar antes de usar', 8, 14.10),
(6, 16, '1 tableta', 'cada 24h', 'Con alimento', 12, 11.80),
(9, 8, '1 cápsula', 'cada 8h', 'Uso oral', 10, 13.90),
(9, 21, '2 ml', 'cada 12h', 'Aplicación veterinaria', 6, 25.00),
(13, 10, '5 ml', 'cada 24h', 'Tratamiento leve', 11, 9.20),
(13, 19, '1 tableta', 'cada 8h', 'Control dolor', 14, 17.40),
(16, 4, '1 cápsula', 'cada 12h', 'Después de comer', 8, 15.00),

(17, 13, '2 ml', 'cada 6h', 'Uso oral', 12, 11.10),
(17, 25, '1 tableta', 'cada 24h', 'Protector gástrico', 20, 28.50),
(20, 6, '5 ml', 'cada 12h', 'Diluir en agua', 10, 8.90),
(20, 14, '1 cápsula', 'cada 8h', 'Con alimentos', 15, 16.20),
(23, 1, '1 tableta', 'cada 12h', 'Vía oral', 7, 10.50),
(23, 17, '2 ml', 'cada 24h', 'No exponer al sol', 5, 21.00),
(26, 9, '5 ml', 'cada 8h', 'Mantener frío', 9, 12.30),
(26, 22, '1 cápsula', 'cada 12h', 'Ayunas', 11, 18.70),
(29, 3, '1 tableta', 'cada 24h', 'Uso general', 30, 13.00),
(29, 15, '2 ml', 'cada 12h', 'Aplicar en zona', 6, 14.60),

(32, 7, '5 ml', 'cada 24h', 'Uso oral', 10, 9.50),
(32, 11, '1 cápsula', 'cada 8h', 'Después de comer', 14, 15.20),
(32, 18, '1 tableta', 'cada 12h', 'Con abundante agua', 12, 17.90),
(35, 2, '2 ml', 'cada 12h', 'Vía tópica', 8, 12.00),
(35, 20, '5 ml', 'cada 24h', 'Control malestar', 7, 10.80),
(38, 5, '1 tableta', 'cada 8h', 'Uso oral', 15, 11.40),
(38, 23, '1 cápsula', 'cada 24h', 'Antes de dormir', 9, 23.10),
(41, 10, '2 ml', 'cada 12h', 'Aplicación directa', 6, 8.80),
(41, 16, '5 ml', 'cada 24h', 'Con alimento', 11, 14.50),
(44, 8, '1 tableta', 'cada 8h', 'Vía oral', 25, 13.20),

(44, 21, '1 cápsula', 'cada 12h', 'No masticar', 10, 19.00),
(47, 4, '5 ml', 'cada 24h', 'Tratamiento leve', 8, 15.50),
(47, 12, '2 ml', 'cada 8h', 'Uso veterinario', 12, 12.40),
(47, 24, '1 tableta', 'cada 12h', 'Con agua', 15, 20.20),
(49, 6, '1 cápsula', 'cada 24h', 'Ayunas', 7, 9.99),
(49, 19, '5 ml', 'cada 12h', 'Diluido', 10, 16.00),
(50, 13, '1 tableta', 'cada 8h', 'Uso oral', 20, 11.00),
(50, 17, '2 ml', 'cada 24h', 'No duplicar dosis', 5, 24.00),
(4, 25, '1 cápsula', 'cada 12h', 'Con las comidas', 14, 30.00),
(12, 22, '5 ml', 'cada 8h', 'Control sintomático', 9, 18.50),

(51, 26, '1 tableta', 'cada 12h', 'Uso oral', 10, 12.50),
(51, 35, '5 ml', 'cada 24h', 'Con alimento', 7, 9.80),
(51, 48, '1 cápsula', 'cada 8h', 'Ayunas', 15, 24.50),
(54, 29, '2 ml', 'cada 8h', 'Aplicación directa', 8, 11.40),
(54, 43, '1 cápsula', 'cada 12h', 'Después de comer', 12, 15.60),
(57, 30, '5 ml', 'cada 24h', 'Control infección', 6, 8.90),
(57, 36, '1 tableta', 'cada 8h', 'Uso oral', 9, 10.20),
(60, 27, '2 ml', 'cada 12h', 'Aplicación veterinaria', 5, 13.70),
(60, 28, '1 cápsula', 'cada 24h', 'Con alimento', 14, 16.80),
(60, 50, '1 tableta', 'cada 12h', 'Vía oral', 20, 30.00),

(62, 33, '5 ml', 'cada 12h', 'Tratamiento leve', 8, 12.10),
(62, 42, '1 tableta', 'cada 24h', 'Control dolor', 10, 18.40),
(65, 26, '2 ml', 'cada 8h', 'Uso oral', 7, 9.30),
(65, 39, '1 cápsula', 'cada 12h', 'Después de comer', 11, 14.90),
(68, 45, '5 ml', 'cada 24h', 'Aplicación directa', 6, 17.20),
(68, 31, '1 tableta', 'cada 12h', 'Con alimento', 10, 11.00),
(72, 37, '2 ml', 'cada 8h', 'Control infección', 8, 13.50),
(72, 38, '1 cápsula', 'cada 24h', 'Uso oral', 9, 10.80),
(72, 49, '5 ml', 'cada 12h', 'Agitar antes de usar', 5, 21.10),
(75, 32, '5 ml', 'cada 12h', 'Tratamiento general', 12, 15.30),

(75, 40, '1 tableta', 'cada 24h', 'Con alimento', 7, 12.40),
(78, 47, '2 ml', 'cada 8h', 'Aplicación directa', 6, 9.90),
(78, 34, '1 cápsula', 'cada 12h', 'Después de comer', 11, 14.20),
(81, 41, '1 tableta', 'cada 8h', 'Uso oral', 14, 19.50),
(81, 44, '5 ml', 'cada 24h', 'Diluir en agua', 10, 8.50),
(84, 26, '1 cápsula', 'cada 12h', 'Con las comidas', 15, 13.20),
(84, 35, '2 ml', 'cada 6h', 'Uso cutáneo', 5, 16.00),
(84, 33, '1 tableta', 'cada 24h', 'No duplicar dosis', 30, 25.40),
(87, 48, '5 ml', 'cada 12h', 'Vía oral', 8, 11.10),
(87, 29, '1 tableta', 'cada 8h', 'Protector gástrico', 20, 14.70),

(90, 36, '1 tableta', 'cada 12h', 'Uso oral', 10, 9.99),
(90, 39, '2 ml', 'cada 24h', 'No exponer al sol', 4, 35.00),
(92, 26, '1 cápsula', 'cada 8h', 'Antes de dormir', 7, 18.20),
(92, 27, '5 ml', 'cada 12h', 'Uso veterinario', 6, 12.80),
(92, 30, '1 tableta', 'cada 24h', 'Con abundante agua', 10, 7.50),
(95, 43, '2 ml', 'cada 8h', 'Aplicar en zona', 12, 14.30),
(95, 50, '1 cápsula', 'cada 12h', 'Después de comer', 14, 22.10),
(98, 28, '1 tableta', 'cada 24h', 'Uso oral', 30, 10.50),
(98, 38, '5 ml', 'cada 8h', 'Control malestar', 9, 15.00),
(52, 42, '1 tableta', 'cada 12h', 'Uso oral', 10, 13.40),

(53, 31, '2 ml', 'cada 24h', 'Vía tópica', 5, 9.20),
(55, 45, '1 cápsula', 'cada 8h', 'Con alimentos', 12, 16.50),
(56, 34, '5 ml', 'cada 12h', 'Uso veterinario', 8, 11.00),
(58, 47, '1 tableta', 'cada 24h', 'Ayunas', 15, 14.20),
(59, 37, '1 cápsula', 'cada 12h', 'Uso oral', 10, 18.90),
(61, 40, '2 ml', 'cada 8h', 'Diluido', 6, 7.80),
(63, 32, '5 ml', 'cada 24h', 'Mantener frío', 11, 20.00),
(64, 49, '1 tableta', 'cada 12h', 'Con agua', 20, 12.30),
(66, 41, '1 cápsula', 'cada 8h', 'Uso oral', 14, 15.50),
(67, 44, '2 ml', 'cada 24h', 'Aplicar por la noche', 5, 22.40),

(69, 39, '1 tableta', 'cada 12h', 'No masticar', 10, 11.60),
(70, 26, '5 ml', 'cada 8h', 'Control sintomático', 7, 9.10),
(100, 50, '1 tableta', 'cada 24h', 'Dosis única', 30, 28.00),
(52, 28, '1 cápsula', 'cada 12h', 'Con las comidas', 15, 14.20),
(52, 33, '5 ml', 'cada 8h', 'Uso oral', 8, 11.50),
(55, 37, '1 tableta', 'cada 24h', 'Ayunas', 10, 9.90),
(55, 42, '2 ml', 'cada 12h', 'Aplicación directa', 6, 13.40),
(58, 26, '1 tableta', 'cada 8h', 'Uso oral', 12, 10.50),
(58, 39, '5 ml', 'cada 24h', 'Con abundante agua', 7, 16.80),
(61, 31, '1 cápsula', 'cada 12h', 'Después de comer', 14, 22.00),

(61, 47, '2 ml', 'cada 8h', 'Uso cutáneo', 5, 8.50),
(64, 27, '1 tableta', 'cada 12h', 'Vía oral', 20, 11.20),
(64, 44, '5 ml', 'cada 24h', 'No duplicar dosis', 10, 15.30),
(53, 29, '2 ml', 'cada 8h', 'Control infección', 9, 12.60),
(53, 36, '1 tableta', 'cada 12h', 'Uso oral', 15, 10.00),
(53, 49, '1 cápsula', 'cada 24h', 'Antes de dormir', 7, 19.50),
(56, 27, '5 ml', 'cada 12h', 'Agitar antes de usar', 8, 14.10),
(56, 40, '1 tableta', 'cada 24h', 'Con alimento', 12, 11.80),
(59, 32, '1 cápsula', 'cada 8h', 'Uso oral', 10, 13.90),
(59, 45, '2 ml', 'cada 12h', 'Aplicación veterinaria', 6, 25.00),

(63, 34, '5 ml', 'cada 24h', 'Tratamiento leve', 11, 9.20),
(63, 43, '1 tableta', 'cada 8h', 'Control dolor', 14, 17.40),
(66, 28, '1 cápsula', 'cada 12h', 'Después de comer', 8, 15.00),
(67, 38, '2 ml', 'cada 6h', 'Uso oral', 12, 11.10),
(67, 50, '1 tableta', 'cada 24h', 'Protector gástrico', 20, 28.50),
(70, 30, '5 ml', 'cada 12h', 'Diluir en agua', 10, 8.90),
(70, 38, '1 cápsula', 'cada 8h', 'Con alimentos', 15, 16.20),
(73, 26, '1 tableta', 'cada 12h', 'Vía oral', 7, 10.50),
(73, 41, '2 ml', 'cada 24h', 'No exponer al sol', 5, 21.00),
(76, 33, '5 ml', 'cada 8h', 'Mantener frío', 9, 12.30),

(76, 48, '1 cápsula', 'cada 12h', 'Ayunas', 11, 18.70),
(79, 27, '1 tableta', 'cada 24h', 'Uso general', 30, 13.00),
(79, 39, '2 ml', 'cada 12h', 'Aplicar en zona', 6, 14.60),
(82, 31, '5 ml', 'cada 24h', 'Uso oral', 10, 9.50),
(82, 36, '1 cápsula', 'cada 8h', 'Después de comer', 14, 15.20),
(82, 42, '1 tableta', 'cada 12h', 'Con abundante agua', 12, 17.90),
(85, 27, '2 ml', 'cada 12h', 'Vía tópica', 8, 12.00),
(85, 44, '5 ml', 'cada 24h', 'Control malestar', 7, 10.80),
(88, 29, '1 tableta', 'cada 8h', 'Uso oral', 15, 11.40),
(88, 47, '1 cápsula', 'cada 24h', 'Antes de dormir', 9, 23.10),

(91, 34, '2 ml', 'cada 12h', 'Aplicación directa', 6, 8.80),
(91, 40, '5 ml', 'cada 24h', 'Con alimento', 11, 14.50),
(94, 32, '1 tableta', 'cada 8h', 'Vía oral', 25, 13.20),
(94, 45, '1 cápsula', 'cada 12h', 'No masticar', 10, 19.00),
(97, 28, '5 ml', 'cada 24h', 'Tratamiento leve', 8, 15.50),
(97, 37, '2 ml', 'cada 8h', 'Uso veterinario', 12, 12.40),
(97, 49, '1 tableta', 'cada 12h', 'Con agua', 15, 20.20),
(99, 30, '1 cápsula', 'cada 24h', 'Ayunas', 7, 9.99),
(99, 43, '5 ml', 'cada 12h', 'Diluido', 10, 16.00),
(54, 50, '1 cápsula', 'cada 12h', 'Con las comidas', 14, 30.00),

(101, 51, '1 tableta', 'cada 12h', 'Uso oral', 10, 12.50),
(101, 60, '5 ml', 'cada 24h', 'Con alimento', 7, 9.80),
(101, 73, '1 cápsula', 'cada 8h', 'Ayunas', 15, 24.50),
(104, 54, '2 ml', 'cada 8h', 'Aplicación directa', 8, 11.40),
(104, 68, '1 cápsula', 'cada 12h', 'Después de comer', 12, 15.60),
(107, 55, '5 ml', 'cada 24h', 'Control infección', 6, 8.90),
(107, 61, '1 tableta', 'cada 8h', 'Uso oral', 9, 10.20),
(110, 52, '2 ml', 'cada 12h', 'Aplicación veterinaria', 5, 13.70),
(110, 53, '1 cápsula', 'cada 24h', 'Con alimento', 14, 16.80),
(110, 75, '1 tableta', 'cada 12h', 'Vía oral', 20, 30.00),

(112, 58, '5 ml', 'cada 12h', 'Tratamiento leve', 8, 12.10),
(112, 67, '1 tableta', 'cada 24h', 'Control dolor', 10, 18.40),
(115, 51, '2 ml', 'cada 8h', 'Uso oral', 7, 9.30),
(115, 64, '1 cápsula', 'cada 12h', 'Después de comer', 11, 14.90),
(118, 70, '5 ml', 'cada 24h', 'Aplicación directa', 6, 17.20),
(118, 56, '1 tableta', 'cada 12h', 'Con alimento', 10, 11.00),
(122, 62, '2 ml', 'cada 8h', 'Control infección', 8, 13.50),
(122, 63, '1 cápsula', 'cada 24h', 'Uso oral', 9, 10.80),
(122, 74, '5 ml', 'cada 12h', 'Agitar antes de usar', 5, 21.10),
(125, 57, '5 ml', 'cada 12h', 'Tratamiento general', 12, 15.30),

(125, 65, '1 tableta', 'cada 24h', 'Con alimento', 7, 12.40),
(128, 72, '2 ml', 'cada 8h', 'Aplicación directa', 6, 9.90),
(128, 59, '1 cápsula', 'cada 12h', 'Después de comer', 11, 14.20),
(131, 66, '1 tableta', 'cada 8h', 'Uso oral', 14, 19.50),
(131, 69, '5 ml', 'cada 24h', 'Diluir en agua', 10, 8.50),
(134, 51, '1 cápsula', 'cada 12h', 'Con las comidas', 15, 13.20),
(134, 60, '2 ml', 'cada 6h', 'Uso cutáneo', 5, 16.00),
(134, 58, '1 tableta', 'cada 24h', 'No duplicar dosis', 30, 25.40),
(137, 73, '5 ml', 'cada 12h', 'Vía oral', 8, 11.10),
(137, 54, '1 tableta', 'cada 8h', 'Protector gástrico', 20, 14.70),

(140, 61, '1 tableta', 'cada 12h', 'Uso oral', 10, 9.99),
(140, 64, '2 ml', 'cada 24h', 'No exponer al sol', 4, 35.00),
(142, 51, '1 cápsula', 'cada 8h', 'Antes de dormir', 7, 18.20),
(142, 52, '5 ml', 'cada 12h', 'Uso veterinario', 6, 12.80),
(142, 55, '1 tableta', 'cada 24h', 'Con abundante agua', 10, 7.50),
(145, 68, '2 ml', 'cada 8h', 'Aplicar en zona', 12, 14.30),
(145, 75, '1 cápsula', 'cada 12h', 'Después de comer', 14, 22.10),
(148, 53, '1 tableta', 'cada 24h', 'Uso oral', 30, 10.50),
(148, 63, '5 ml', 'cada 8h', 'Control malestar', 9, 15.00),
(102, 67, '1 tableta', 'cada 12h', 'Uso oral', 10, 13.40),

(103, 56, '2 ml', 'cada 24h', 'Vía tópica', 5, 9.20),
(105, 70, '1 cápsula', 'cada 8h', 'Con alimentos', 12, 16.50),
(106, 59, '5 ml', 'cada 12h', 'Uso veterinario', 8, 11.00),
(108, 72, '1 tableta', 'cada 24h', 'Ayunas', 15, 14.20),
(109, 62, '1 cápsula', 'cada 12h', 'Uso oral', 10, 18.90),
(111, 65, '2 ml', 'cada 8h', 'Diluido', 6, 7.80),
(113, 57, '5 ml', 'cada 24h', 'Mantener frío', 11, 20.00),
(114, 74, '1 tableta', 'cada 12h', 'Con agua', 20, 12.30),
(116, 66, '1 cápsula', 'cada 8h', 'Uso oral', 14, 15.50),
(117, 69, '2 ml', 'cada 24h', 'Aplicar por la noche', 5, 22.40),

(119, 64, '1 tableta', 'cada 12h', 'No masticar', 10, 11.60),
(120, 51, '5 ml', 'cada 8h', 'Control sintomático', 7, 9.10),
(150, 75, '1 tableta', 'cada 24h', 'Dosis única', 30, 28.00),
(102, 53, '1 cápsula', 'cada 12h', 'Con las comidas', 15, 14.20),
(102, 58, '5 ml', 'cada 8h', 'Uso oral', 8, 11.50),
(105, 62, '1 tableta', 'cada 24h', 'Ayunas', 10, 9.90),
(105, 67, '2 ml', 'cada 12h', 'Aplicación directa', 6, 13.40),
(108, 51, '1 tableta', 'cada 8h', 'Uso oral', 12, 10.50),
(108, 64, '5 ml', 'cada 24h', 'Con abundante agua', 7, 16.80),
(111, 56, '1 cápsula', 'cada 12h', 'Después de comer', 14, 22.00),

(111, 72, '2 ml', 'cada 8h', 'Uso cutáneo', 5, 8.50),
(114, 52, '1 tableta', 'cada 12h', 'Vía oral', 20, 11.20),
(114, 69, '5 ml', 'cada 24h', 'No duplicar dosis', 10, 15.30),
(103, 54, '2 ml', 'cada 8h', 'Control infección', 9, 12.60),
(103, 61, '1 tableta', 'cada 12h', 'Uso oral', 15, 10.00),
(103, 74, '1 cápsula', 'cada 24h', 'Antes de dormir', 7, 19.50),
(106, 52, '5 ml', 'cada 12h', 'Agitar antes de usar', 8, 14.10),
(106, 65, '1 tableta', 'cada 24h', 'Con alimento', 12, 11.80),
(109, 57, '1 cápsula', 'cada 8h', 'Uso oral', 10, 13.90),
(109, 70, '2 ml', 'cada 12h', 'Aplicación veterinaria', 6, 25.00),

(113, 59, '5 ml', 'cada 24h', 'Tratamiento leve', 11, 9.20),
(113, 68, '1 tableta', 'cada 8h', 'Control dolor', 14, 17.40),
(116, 53, '1 cápsula', 'cada 12h', 'Después de comer', 8, 15.00),
(117, 63, '2 ml', 'cada 6h', 'Uso oral', 12, 11.10),
(117, 75, '1 tableta', 'cada 24h', 'Protector gástrico', 20, 28.50),
(120, 55, '5 ml', 'cada 12h', 'Diluir en agua', 10, 8.90),
(120, 63, '1 cápsula', 'cada 8h', 'Con alimentos', 15, 16.20),
(123, 51, '1 tableta', 'cada 12h', 'Vía oral', 7, 10.50),
(123, 66, '2 ml', 'cada 24h', 'No exponer al sol', 5, 21.00),
(126, 58, '5 ml', 'cada 8h', 'Mantener frío', 9, 12.30),

(126, 73, '1 cápsula', 'cada 12h', 'Ayunas', 11, 18.70),
(129, 52, '1 tableta', 'cada 24h', 'Uso general', 30, 13.00),
(129, 64, '2 ml', 'cada 12h', 'Aplicar en zona', 6, 14.60),
(132, 56, '5 ml', 'cada 24h', 'Uso oral', 10, 9.50),
(132, 61, '1 cápsula', 'cada 8h', 'Después de comer', 14, 15.20),
(132, 67, '1 tableta', 'cada 12h', 'Con abundante agua', 12, 17.90),
(135, 52, '2 ml', 'cada 12h', 'Vía tópica', 8, 12.00),
(135, 69, '5 ml', 'cada 24h', 'Control malestar', 7, 10.80),
(138, 54, '1 tableta', 'cada 8h', 'Uso oral', 15, 11.40),
(138, 72, '1 cápsula', 'cada 24h', 'Antes de dormir', 9, 23.10),

(141, 59, '2 ml', 'cada 12h', 'Aplicación directa', 6, 8.80),
(141, 65, '5 ml', 'cada 24h', 'Con alimento', 11, 14.50),
(144, 57, '1 tableta', 'cada 8h', 'Vía oral', 25, 13.20),
(144, 70, '1 cápsula', 'cada 12h', 'No masticar', 10, 19.00),
(147, 53, '5 ml', 'cada 24h', 'Tratamiento leve', 8, 15.50),
(147, 62, '2 ml', 'cada 8h', 'Uso veterinario', 12, 12.40),
(147, 74, '1 tableta', 'cada 12h', 'Con agua', 15, 20.20),
(149, 55, '1 cápsula', 'cada 24h', 'Ayunas', 7, 9.99),
(149, 68, '5 ml', 'cada 12h', 'Diluido', 10, 16.00),
(104, 75, '1 cápsula', 'cada 12h', 'Con las comidas', 14, 30.00),

(151, 76, '1 tableta', 'cada 12h', 'Uso oral', 10, 12.50),
(151, 85, '5 ml', 'cada 24h', 'Con alimento', 7, 9.80),
(151, 98, '1 cápsula', 'cada 8h', 'Ayunas', 15, 24.50),
(154, 79, '2 ml', 'cada 8h', 'Aplicación directa', 8, 11.40),
(154, 93, '1 cápsula', 'cada 12h', 'Después de comer', 12, 15.60),
(157, 80, '5 ml', 'cada 24h', 'Control infección', 6, 8.90),
(157, 86, '1 tableta', 'cada 8h', 'Uso oral', 9, 10.20),
(160, 77, '2 ml', 'cada 12h', 'Aplicación veterinaria', 5, 13.70),
(160, 78, '1 cápsula', 'cada 24h', 'Con alimento', 14, 16.80),
(160, 100, '1 tableta', 'cada 12h', 'Vía oral', 20, 30.00),

(162, 83, '5 ml', 'cada 12h', 'Tratamiento leve', 8, 12.10),
(162, 92, '1 tableta', 'cada 24h', 'Control dolor', 10, 18.40),
(165, 76, '2 ml', 'cada 8h', 'Uso oral', 7, 9.30),
(165, 89, '1 cápsula', 'cada 12h', 'Después de comer', 11, 14.90),
(168, 95, '5 ml', 'cada 24h', 'Aplicación directa', 6, 17.20),
(168, 81, '1 tableta', 'cada 12h', 'Con alimento', 10, 11.00),
(172, 87, '2 ml', 'cada 8h', 'Control infección', 8, 13.50),
(172, 88, '1 cápsula', 'cada 24h', 'Uso oral', 9, 10.80),
(172, 99, '5 ml', 'cada 12h', 'Agitar antes de usar', 5, 21.10),
(175, 82, '5 ml', 'cada 12h', 'Tratamiento general', 12, 15.30),

(175, 90, '1 tableta', 'cada 24h', 'Con alimento', 7, 12.40),
(178, 97, '2 ml', 'cada 8h', 'Aplicación directa', 6, 9.90),
(178, 84, '1 cápsula', 'cada 12h', 'Después de comer', 11, 14.20),
(181, 91, '1 tableta', 'cada 8h', 'Uso oral', 14, 19.50),
(181, 94, '5 ml', 'cada 24h', 'Diluir en agua', 10, 8.50),
(184, 76, '1 cápsula', 'cada 12h', 'Con las comidas', 15, 13.20),
(184, 85, '2 ml', 'cada 6h', 'Uso cutáneo', 5, 16.00),
(184, 83, '1 tableta', 'cada 24h', 'No duplicar dosis', 30, 25.40),
(187, 98, '5 ml', 'cada 12h', 'Vía oral', 8, 11.10),
(187, 79, '1 tableta', 'cada 8h', 'Protector gástrico', 20, 14.70),

(190, 86, '1 tableta', 'cada 12h', 'Uso oral', 10, 9.99),
(190, 89, '2 ml', 'cada 24h', 'No exponer al sol', 4, 35.00),
(192, 76, '1 cápsula', 'cada 8h', 'Antes de dormir', 7, 18.20),
(192, 77, '5 ml', 'cada 12h', 'Uso veterinario', 6, 12.80),
(192, 80, '1 tableta', 'cada 24h', 'Con abundante agua', 10, 7.50),
(195, 93, '2 ml', 'cada 8h', 'Aplicar en zona', 12, 14.30),
(195, 100, '1 cápsula', 'cada 12h', 'Después de comer', 14, 22.10),
(198, 78, '1 tableta', 'cada 24h', 'Uso oral', 30, 10.50),
(198, 88, '5 ml', 'cada 8h', 'Control malestar', 9, 15.00),
(152, 92, '1 tableta', 'cada 12h', 'Uso oral', 10, 13.40),

(153, 81, '2 ml', 'cada 24h', 'Vía tópica', 5, 9.20),
(155, 95, '1 cápsula', 'cada 8h', 'Con alimentos', 12, 16.50),
(156, 84, '5 ml', 'cada 12h', 'Uso veterinario', 8, 11.00),
(158, 97, '1 tableta', 'cada 24h', 'Ayunas', 15, 14.20),
(159, 87, '1 cápsula', 'cada 12h', 'Uso oral', 10, 18.90),
(161, 90, '2 ml', 'cada 8h', 'Diluido', 6, 7.80),
(163, 82, '5 ml', 'cada 24h', 'Mantener frío', 11, 20.00),
(164, 99, '1 tableta', 'cada 12h', 'Con agua', 20, 12.30),
(166, 91, '1 cápsula', 'cada 8h', 'Uso oral', 14, 15.50),
(167, 94, '2 ml', 'cada 24h', 'Aplicar por la noche', 5, 22.40),

(169, 89, '1 tableta', 'cada 12h', 'No masticar', 10, 11.60),
(170, 76, '5 ml', 'cada 8h', 'Control sintomático', 7, 9.10),
(200, 100, '1 tableta', 'cada 24h', 'Dosis única', 30, 28.00),
(152, 78, '1 cápsula', 'cada 12h', 'Con las comidas', 15, 14.20),
(152, 83, '5 ml', 'cada 8h', 'Uso oral', 8, 11.50),
(155, 87, '1 tableta', 'cada 24h', 'Ayunas', 10, 9.90),
(155, 92, '2 ml', 'cada 12h', 'Aplicación directa', 6, 13.40),
(158, 76, '1 tableta', 'cada 8h', 'Uso oral', 12, 10.50),
(158, 89, '5 ml', 'cada 24h', 'Con abundante agua', 7, 16.80),
(161, 81, '1 cápsula', 'cada 12h', 'Después de comer', 14, 22.00),

(161, 97, '2 ml', 'cada 8h', 'Uso cutáneo', 5, 8.50),
(164, 77, '1 tableta', 'cada 12h', 'Vía oral', 20, 11.20),
(164, 94, '5 ml', 'cada 24h', 'No duplicar dosis', 10, 15.30),
(153, 79, '2 ml', 'cada 8h', 'Control infección', 9, 12.60),
(153, 86, '1 tableta', 'cada 12h', 'Uso oral', 15, 10.00),
(153, 99, '1 cápsula', 'cada 24h', 'Antes de dormir', 7, 19.50),
(156, 77, '5 ml', 'cada 12h', 'Agitar antes de usar', 8, 14.10),
(156, 90, '1 tableta', 'cada 24h', 'Con alimento', 12, 11.80),
(159, 82, '1 cápsula', 'cada 8h', 'Uso oral', 10, 13.90),
(159, 95, '2 ml', 'cada 12h', 'Aplicación veterinaria', 6, 25.00),

(163, 84, '5 ml', 'cada 24h', 'Tratamiento leve', 11, 9.20),
(163, 93, '1 tableta', 'cada 8h', 'Control dolor', 14, 17.40),
(166, 78, '1 cápsula', 'cada 12h', 'Después de comer', 8, 15.00),
(167, 88, '2 ml', 'cada 6h', 'Uso oral', 12, 11.10),
(167, 100, '1 tableta', 'cada 24h', 'Protector gástrico', 20, 28.50),
(170, 80, '5 ml', 'cada 12h', 'Diluir en agua', 10, 8.90),
(170, 88, '1 cápsula', 'cada 8h', 'Con alimentos', 15, 16.20),
(173, 76, '1 tableta', 'cada 12h', 'Vía oral', 7, 10.50),
(173, 91, '2 ml', 'cada 24h', 'No exponer al sol', 5, 21.00),
(176, 83, '5 ml', 'cada 8h', 'Mantener frío', 9, 12.30),

(176, 98, '1 cápsula', 'cada 12h', 'Ayunas', 11, 18.70),
(179, 77, '1 tableta', 'cada 24h', 'Uso general', 30, 13.00),
(179, 89, '2 ml', 'cada 12h', 'Aplicar en zona', 6, 14.60),
(182, 81, '5 ml', 'cada 24h', 'Uso oral', 10, 9.50),
(182, 86, '1 cápsula', 'cada 8h', 'Después de comer', 14, 15.20),
(182, 92, '1 tableta', 'cada 12h', 'Con abundante agua', 12, 17.90),
(185, 77, '2 ml', 'cada 12h', 'Vía tópica', 8, 12.00),
(185, 94, '5 ml', 'cada 24h', 'Control malestar', 7, 10.80),
(188, 79, '1 tableta', 'cada 8h', 'Uso oral', 15, 11.40),
(188, 97, '1 cápsula', 'cada 24h', 'Antes de dormir', 9, 23.10),

(191, 84, '2 ml', 'cada 12h', 'Aplicación directa', 6, 8.80),
(191, 90, '5 ml', 'cada 24h', 'Con alimento', 11, 14.50),
(194, 82, '1 tableta', 'cada 8h', 'Vía oral', 25, 13.20),
(194, 95, '1 cápsula', 'cada 12h', 'No masticar', 10, 19.00),
(197, 78, '5 ml', 'cada 24h', 'Tratamiento leve', 8, 15.50),
(197, 87, '2 ml', 'cada 8h', 'Uso veterinario', 12, 12.40),
(197, 99, '1 tableta', 'cada 12h', 'Con agua', 15, 20.20),
(199, 80, '1 cápsula', 'cada 24h', 'Ayunas', 7, 9.99),
(199, 93, '5 ml', 'cada 12h', 'Diluido', 10, 16.00),
(154, 100, '1 cápsula', 'cada 12h', 'Con las comidas', 14, 30.00);


insert into mascota_alergia(id_mascota,id_medicamento,severidad,reaccion,fecha_deteccion) values

(12, 45, 'Leve', 'Picazón leve en piel', '2024-03-12'),
(88, 9, 'Moderado', 'Enrojecimiento y caída de pelo', '2024-06-25'),
(34, 71, 'Grave', 'Inflamación y vómitos', '2025-01-18'),
(120, 56, 'Critico', 'Dificultad respiratoria severa', '2025-08-03'),
(5, 22, 'Leve', 'Estornudos frecuentes', '2024-11-09'),
(77, 90, 'Moderado', 'Irritación ocular', '2026-02-14'),
(41, 13, 'Grave', 'Hinchazón generalizada', '2025-05-20'),
(99, 60, 'Leve', 'Picazón ocasional', '2024-09-30'),
(18, 3, 'Moderado', 'Dermatitis leve', '2025-12-01'),
(65, 84, 'Critico', 'Shock alérgico', '2026-04-11'),

(3, 11, 'Leve', 'Enrojecimiento leve', '2024-02-08'),
(56, 72, 'Grave', 'Vómitos repetidos', '2025-07-16'),
(110, 27, 'Moderado', 'Urticaria en piel', '2026-01-22'),
(9, 95, 'Leve', 'Picazón en orejas', '2024-10-05'),
(73, 38, 'Critico', 'Colapso respiratorio', '2025-03-19'),
(21, 66, 'Moderado', 'Inflamación localizada', '2025-11-07'),
(45, 100, 'Grave', 'Reacción fuerte cutánea', '2026-06-02'),
(90, 14, 'Leve', 'Estornudos leves', '2024-07-28'),
(27, 53, 'Moderado', 'Ojos llorosos', '2025-09-14'),
(68, 19, 'Critico', 'Reacción sistémica', '2026-03-10'),

(14, 31, 'Leve', 'Picazón en patas', '2024-01-15'),
(82, 77, 'Moderado', 'Erupciones cutáneas', '2025-06-09'),
(6, 88, 'Grave', 'Inflamación facial', '2025-10-21'),
(115, 42, 'Leve', 'Enrojecimiento leve', '2024-12-03'),
(33, 59, 'Critico', 'Anafilaxia', '2026-05-18'),
(71, 25, 'Moderado', 'Dermatitis general', '2025-04-06'),
(49, 67, 'Grave', 'Vómitos y debilidad', '2025-08-29'),
(100, 8, 'Leve', 'Picazón leve', '2024-08-12'),
(2, 93, 'Moderado', 'Inflamación de ojos', '2026-02-01'),
(87, 21, 'Critico', 'Dificultad respiratoria', '2025-12-20'),

(25, 44, 'Leve', 'Estornudos leves', '2024-05-14'),
(58, 12, 'Moderado', 'Erupciones en piel', '2025-03-03'),
(104, 70, 'Grave', 'Hinchazón severa', '2026-01-08'),
(16, 5, 'Leve', 'Picazón ocasional', '2024-09-19'),
(93, 81, 'Critico', 'Shock alérgico severo', '2025-07-25'),
(39, 28, 'Moderado', 'Urticaria', '2025-11-30'),
(61, 96, 'Grave', 'Vómitos persistentes', '2026-03-27'),
(7, 33, 'Leve', 'Enrojecimiento leve', '2024-04-22'),
(119, 58, 'Moderado', 'Inflamación ligera', '2025-02-11'),
(84, 17, 'Critico', 'Reacción sistémica fuerte', '2026-06-15'),

(142, 18, 'Leve', 'Picazón leve', '2024-02-17'),
(187, 66, 'Moderado', 'Enrojecimiento y lagrimeo', '2025-06-21'),
(203, 9, 'Grave', 'Vómitos y debilidad', '2025-11-03'),
(250, 77, 'Critico', 'Dificultad respiratoria severa', '2026-03-14'),
(128, 34, 'Leve', 'Estornudos ocasionales', '2024-08-09'),
(176, 91, 'Moderado', 'Dermatitis leve', '2025-01-27'),
(219, 55, 'Grave', 'Inflamación generalizada', '2026-05-02'),
(134, 12, 'Leve', 'Picazón en orejas', '2024-11-18'),
(166, 48, 'Moderado', 'Urticaria en piel', '2025-09-06'),
(241, 100, 'Critico', 'Shock alérgico', '2026-06-10'),

(129, 7, 'Leve', 'Enrojecimiento leve', '2024-03-22'),
(155, 63, 'Moderado', 'Inflamación ocular', '2025-04-15'),
(180, 28, 'Grave', 'Vómitos persistentes', '2025-12-30'),
(210, 81, 'Critico', 'Colapso respiratorio', '2026-01-19'),
(132, 45, 'Leve', 'Picazón ligera', '2024-09-01'),
(198, 22, 'Moderado', 'Erupciones cutáneas', '2025-07-08'),
(225, 59, 'Grave', 'Hinchazón severa', '2026-02-25'),
(144, 88, 'Leve', 'Estornudos', '2024-12-12'),
(170, 3, 'Moderado', 'Irritación en piel', '2025-10-04'),
(233, 71, 'Critico', 'Reacción sistémica fuerte', '2026-04-28'),

(138, 14, 'Leve', 'Picazón ocasional', '2024-05-30'),
(160, 36, 'Moderado', 'Dermatitis leve', '2025-03-11'),
(185, 92, 'Grave', 'Inflamación facial', '2025-08-17'),
(245, 19, 'Critico', 'Anafilaxia', '2026-06-01'),
(150, 67, 'Leve', 'Enrojecimiento leve', '2024-07-26'),
(174, 11, 'Moderado', 'Urticaria', '2025-11-13'),
(208, 84, 'Grave', 'Vómitos y debilidad', '2026-03-07'),
(146, 25, 'Leve', 'Picazón leve', '2024-10-19'),
(193, 60, 'Moderado', 'Inflamación ocular', '2025-05-23'),
(227, 97, 'Critico', 'Dificultad respiratoria severa', '2026-02-08'),

(139, 42, 'Leve', 'Estornudos leves', '2024-01-09'),
(162, 58, 'Moderado', 'Erupciones cutáneas', '2025-06-12'),
(188, 33, 'Grave', 'Hinchazón generalizada', '2025-12-05'),
(214, 76, 'Critico', 'Shock alérgico', '2026-05-19'),
(151, 9, 'Leve', 'Picazón leve', '2024-04-16'),
(171, 50, 'Moderado', 'Dermatitis', '2025-02-28'),
(196, 28, 'Grave', 'Vómitos persistentes', '2026-01-03'),
(147, 85, 'Leve', 'Enrojecimiento leve', '2024-08-24'),
(175, 12, 'Moderado', 'Inflamación ligera', '2025-09-30'),
(248, 66, 'Critico', 'Reacción sistémica severa', '2026-06-16');